UT,PathA,PathB,WinRateA,PE_A,PE_B,RPhys_A,RPhys_B,RElem_A,RElem_B,SEC_A,SEC_B,SBC_A,SBC_B
2,sword_immortal,ti_xiu_hengshi,40%,322,323,1000,1000,1000,1000,1000,1000,1000,1000
2,sword_immortal,fa_xiu,94%,322,314,1000,1000,1000,1000,1000,1000,1000,1000
2,sword_immortal,gui_xiu_yang_hun,48%,322,324,1000,1000,1000,1000,1000,1000,1000,1000
2,sword_immortal,soul_divine_sense,34%,322,328,1000,1000,1000,1000,1000,1000,1000,1000
2,sword_immortal,lei_xiu,74%,322,320,1000,1000,1000,1000,1000,1000,1000,1000
2,sword_immortal,buddhist_golden_body,34%,322,323,1000,1000,1000,1000,1000,1000,1000,1000
2,sword_immortal,ming_fate_causality,66%,322,322,1000,1000,1000,1000,1000,1000,1000,1000
2,sword_immortal,yu_shou,46%,322,323,1000,1000,1000,1000,1000,1000,1000,1000
2,sword_immortal,ru_xiu_haoran,38%,322,325,1000,1000,1000,1000,1000,1000,1000,1000
2,sword_immortal,mo_xiu_xinmo,84%,322,316,1000,1000,1000,1000,1000,1000,1000,1000
2,sword_immortal,yao_xiu_huaxing,6%,322,329,1000,1100,1000,1000,1000,1000,1000,1000
2,sword_immortal,xue_xiu_xuesha,46%,322,323,1000,1000,1000,1000,1000,1000,1000,1000
2,sword_immortal,du_gu_xiu,58%,322,320,1000,1000,1000,1000,1000,1000,1000,1000
2,sword_immortal,fu_xiu_fulu,40%,322,323,1000,1000,1000,1000,1000,1000,1000,1000
2,sword_immortal,kuilei_shi,100%,322,323,1000,1000,1000,1000,1000,1000,1000,1000
2,sword_immortal,yin_xiu_yuedao,82%,322,317,1000,1000,1000,1000,1000,1000,1000,1000
2,sword_immortal,yinguo_faze,60%,322,322,1000,1000,1000,1000,1000,1000,1000,1000
2,ti_xiu_hengshi,fa_xiu,86%,323,314,1000,1000,1000,1000,1000,1000,1000,1000
2,ti_xiu_hengshi,gui_xiu_yang_hun,58%,323,324,1000,1000,1000,1000,1000,1000,1000,1000
2,ti_xiu_hengshi,soul_divine_sense,34%,323,328,1000,1000,1000,1000,1000,1000,1000,1000
2,ti_xiu_hengshi,lei_xiu,68%,323,320,1000,1000,1000,1000,1000,1000,1000,1000
2,ti_xiu_hengshi,buddhist_golden_body,64%,323,323,1000,1000,1000,1000,1000,1000,1000,1000
2,ti_xiu_hengshi,ming_fate_causality,52%,323,322,1000,1000,1000,1000,1000,1000,1000,1000
2,ti_xiu_hengshi,yu_shou,46%,323,323,1000,1000,1000,1000,1000,1000,1000,1000
2,ti_xiu_hengshi,ru_xiu_haoran,42%,323,325,1000,1000,1000,1000,1000,1000,1000,1000
2,ti_xiu_hengshi,mo_xiu_xinmo,70%,323,316,1000,1000,1000,1000,1000,1000,1000,1000
2,ti_xiu_hengshi,yao_xiu_huaxing,10%,323,329,1000,1100,1000,1000,1000,1000,1000,1000
2,ti_xiu_hengshi,xue_xiu_xuesha,60%,323,323,1000,1000,1000,1000,1000,1000,1000,1000
2,ti_xiu_hengshi,du_gu_xiu,56%,323,320,1000,1000,1000,1000,1000,1000,1000,1000
2,ti_xiu_hengshi,fu_xiu_fulu,54%,323,323,1000,1000,1000,1000,1000,1000,1000,1000
2,ti_xiu_hengshi,kuilei_shi,100%,323,323,1000,1000,1000,1000,1000,1000,1000,1000
2,ti_xiu_hengshi,yin_xiu_yuedao,80%,323,317,1000,1000,1000,1000,1000,1000,1000,1000
2,ti_xiu_hengshi,yinguo_faze,66%,323,322,1000,1000,1000,1000,1000,1000,1000,1000
2,fa_xiu,gui_xiu_yang_hun,20%,314,324,1000,1000,1000,1000,1000,1000,1000,1000
2,fa_xiu,soul_divine_sense,16%,314,328,1000,1000,1000,1000,1000,1000,1000,1000
2,fa_xiu,lei_xiu,28%,314,320,1000,1000,1000,1000,1000,1000,1000,1000
2,fa_xiu,buddhist_golden_body,12%,314,323,1000,1000,1000,1000,1000,1000,1000,1000
2,fa_xiu,ming_fate_causality,18%,314,322,1000,1000,1000,1000,1000,1000,1000,1000
2,fa_xiu,yu_shou,14%,314,323,1000,1000,1000,1000,1000,1000,1000,1000
2,fa_xiu,ru_xiu_haoran,16%,314,325,1000,1000,1000,1000,1000,1000,1000,1000
2,fa_xiu,mo_xiu_xinmo,38%,314,316,1000,1000,1000,1000,1000,1000,1000,1000
2,fa_xiu,yao_xiu_huaxing,0%,314,329,1000,1100,1000,1000,1000,1000,1000,1000
2,fa_xiu,xue_xiu_xuesha,30%,314,323,1000,1000,1000,1000,1000,1000,1000,1000
2,fa_xiu,du_gu_xiu,22%,314,320,1000,1000,1000,1000,1000,1000,1000,1000
2,fa_xiu,fu_xiu_fulu,22%,314,323,1000,1000,1000,1000,1000,1000,1000,1000
2,fa_xiu,kuilei_shi,100%,314,323,1000,1000,1000,1000,1000,1000,1000,1000
2,fa_xiu,yin_xiu_yuedao,38%,314,317,1000,1000,1000,1000,1000,1000,1000,1000
2,fa_xiu,yinguo_faze,32%,314,322,1000,1000,1000,1000,1000,1000,1000,1000
2,gui_xiu_yang_hun,soul_divine_sense,48%,324,328,1000,1000,1000,1000,1000,1000,1000,1000
2,gui_xiu_yang_hun,lei_xiu,60%,324,320,1000,1000,1000,1000,1000,1000,1000,1000
2,gui_xiu_yang_hun,buddhist_golden_body,42%,324,323,1000,1000,1000,1000,1000,1000,1000,1000
2,gui_xiu_yang_hun,ming_fate_causality,60%,324,322,1000,1000,1000,1000,1000,1000,1000,1000
2,gui_xiu_yang_hun,yu_shou,50%,324,323,1000,1000,1000,1000,1000,1000,1000,1000
2,gui_xiu_yang_hun,ru_xiu_haoran,52%,324,325,1000,1000,1000,1000,1000,1000,1000,1000
2,gui_xiu_yang_hun,mo_xiu_xinmo,82%,324,316,1000,1000,1000,1000,1000,1000,1000,1000
2,gui_xiu_yang_hun,yao_xiu_huaxing,12%,324,329,1000,1100,1000,1000,1000,1000,1000,1000
2,gui_xiu_yang_hun,xue_xiu_xuesha,48%,324,323,1000,1000,1000,1000,1000,1000,1000,1000
2,gui_xiu_yang_hun,du_gu_xiu,52%,324,320,1000,1000,1000,1000,1000,1000,1000,1000
2,gui_xiu_yang_hun,fu_xiu_fulu,54%,324,323,1000,1000,1000,1000,1000,1000,1000,1000
2,gui_xiu_yang_hun,kuilei_shi,100%,324,323,1000,1000,1000,1000,1000,1000,1000,1000
2,gui_xiu_yang_hun,yin_xiu_yuedao,74%,324,317,1000,1000,1000,1000,1000,1000,1000,1000
2,gui_xiu_yang_hun,yinguo_faze,54%,324,322,1000,1000,1000,1000,1000,1000,1000,1000
2,soul_divine_sense,lei_xiu,68%,328,320,1000,1000,1000,1000,1000,1000,1000,1000
2,soul_divine_sense,buddhist_golden_body,70%,328,323,1000,1000,1000,1000,1000,1000,1000,1000
2,soul_divine_sense,ming_fate_causality,66%,328,322,1000,1000,1000,1000,1000,1000,1000,1000
2,soul_divine_sense,yu_shou,70%,328,323,1000,1000,1000,1000,1000,1000,1000,1000
2,soul_divine_sense,ru_xiu_haoran,62%,328,325,1000,1000,1000,1000,1000,1000,1000,1000
2,soul_divine_sense,mo_xiu_xinmo,82%,328,316,1000,1000,1000,1000,1000,1000,1000,1000
2,soul_divine_sense,yao_xiu_huaxing,20%,328,329,1000,1100,1000,1000,1000,1000,1000,1000
2,soul_divine_sense,xue_xiu_xuesha,64%,328,323,1000,1000,1000,1000,1000,1000,1000,1000
2,soul_divine_sense,du_gu_xiu,72%,328,320,1000,1000,1000,1000,1000,1000,1000,1000
2,soul_divine_sense,fu_xiu_fulu,62%,328,323,1000,1000,1000,1000,1000,1000,1000,1000
2,soul_divine_sense,kuilei_shi,100%,328,323,1000,1000,1000,1000,1000,1000,1000,1000
2,soul_divine_sense,yin_xiu_yuedao,84%,328,317,1000,1000,1000,1000,1000,1000,1000,1000
2,soul_divine_sense,yinguo_faze,64%,328,322,1000,1000,1000,1000,1000,1000,1000,1000
2,lei_xiu,buddhist_golden_body,38%,320,323,1000,1000,1000,1000,1000,1000,1000,1000
2,lei_xiu,ming_fate_causality,40%,320,322,1000,1000,1000,1000,1000,1000,1000,1000
2,lei_xiu,yu_shou,40%,320,323,1000,1000,1000,1000,1000,1000,1000,1000
2,lei_xiu,ru_xiu_haoran,34%,320,325,1000,1000,1000,1000,1000,1000,1000,1000
2,lei_xiu,mo_xiu_xinmo,82%,320,316,1000,1000,1000,1000,1000,1000,1000,1000
2,lei_xiu,yao_xiu_huaxing,10%,320,329,1000,1100,1000,1000,1000,1000,1000,1000
2,lei_xiu,xue_xiu_xuesha,28%,320,323,1000,1000,1000,1000,1000,1000,1000,1000
2,lei_xiu,du_gu_xiu,48%,320,320,1000,1000,1000,1000,1000,1000,1000,1000
2,lei_xiu,fu_xiu_fulu,38%,320,323,1000,1000,1000,1000,1000,1000,1000,1000
2,lei_xiu,kuilei_shi,100%,320,323,1000,1000,1000,1000,1000,1000,1000,1000
2,lei_xiu,yin_xiu_yuedao,80%,320,317,1000,1000,1000,1000,1000,1000,1000,1000
2,lei_xiu,yinguo_faze,40%,320,322,1000,1000,1000,1000,1000,1000,1000,1000
2,buddhist_golden_body,ming_fate_causality,52%,323,322,1000,1000,1000,1000,1000,1000,1000,1000
2,buddhist_golden_body,yu_shou,44%,323,323,1000,1000,1000,1000,1000,1000,1000,1000
2,buddhist_golden_body,ru_xiu_haoran,50%,323,325,1000,1000,1000,1000,1000,1000,1000,1000
2,buddhist_golden_body,mo_xiu_xinmo,82%,323,316,1000,1000,1000,1000,1000,1000,1000,1000
2,buddhist_golden_body,yao_xiu_huaxing,14%,323,329,1000,1100,1000,1000,1000,1000,1000,1000
2,buddhist_golden_body,xue_xiu_xuesha,64%,323,323,1000,1000,1000,1000,1000,1000,1000,1000
2,buddhist_golden_body,du_gu_xiu,56%,323,320,1000,1000,1000,1000,1000,1000,1000,1000
2,buddhist_golden_body,fu_xiu_fulu,54%,323,323,1000,1000,1000,1000,1000,1000,1000,1000
2,buddhist_golden_body,kuilei_shi,100%,323,323,1000,1000,1000,1000,1000,1000,1000,1000
2,buddhist_golden_body,yin_xiu_yuedao,80%,323,317,1000,1000,1000,1000,1000,1000,1000,1000
2,buddhist_golden_body,yinguo_faze,52%,323,322,1000,1000,1000,1000,1000,1000,1000,1000
2,ming_fate_causality,yu_shou,48%,322,323,1000,1000,1000,1000,1000,1000,1000,1000
2,ming_fate_causality,ru_xiu_haoran,38%,322,325,1000,1000,1000,1000,1000,1000,1000,1000
2,ming_fate_causality,mo_xiu_xinmo,84%,322,316,1000,1000,1000,1000,1000,1000,1000,1000
2,ming_fate_causality,yao_xiu_huaxing,8%,322,329,1000,1100,1000,1000,1000,1000,1000,1000
2,ming_fate_causality,xue_xiu_xuesha,46%,322,323,1000,1000,1000,1000,1000,1000,1000,1000
2,ming_fate_causality,du_gu_xiu,36%,322,320,1000,1000,1000,1000,1000,1000,1000,1000
2,ming_fate_causality,fu_xiu_fulu,44%,322,323,1000,1000,1000,1000,1000,1000,1000,1000
2,ming_fate_causality,kuilei_shi,100%,322,323,1000,1000,1000,1000,1000,1000,1000,1000
2,ming_fate_causality,yin_xiu_yuedao,68%,322,317,1000,1000,1000,1000,1000,1000,1000,1000
2,ming_fate_causality,yinguo_faze,62%,322,322,1000,1000,1000,1000,1000,1000,1000,1000
2,yu_shou,ru_xiu_haoran,40%,323,325,1000,1000,1000,1000,1000,1000,1000,1000
2,yu_shou,mo_xiu_xinmo,78%,323,316,1000,1000,1000,1000,1000,1000,1000,1000
2,yu_shou,yao_xiu_huaxing,12%,323,329,1000,1100,1000,1000,1000,1000,1000,1000
2,yu_shou,xue_xiu_xuesha,58%,323,323,1000,1000,1000,1000,1000,1000,1000,1000
2,yu_shou,du_gu_xiu,56%,323,320,1000,1000,1000,1000,1000,1000,1000,1000
2,yu_shou,fu_xiu_fulu,52%,323,323,1000,1000,1000,1000,1000,1000,1000,1000
2,yu_shou,kuilei_shi,100%,323,323,1000,1000,1000,1000,1000,1000,1000,1000
2,yu_shou,yin_xiu_yuedao,80%,323,317,1000,1000,1000,1000,1000,1000,1000,1000
2,yu_shou,yinguo_faze,58%,323,322,1000,1000,1000,1000,1000,1000,1000,1000
2,ru_xiu_haoran,mo_xiu_xinmo,82%,325,316,1000,1000,1000,1000,1000,1000,1000,1000
2,ru_xiu_haoran,yao_xiu_huaxing,10%,325,329,1000,1100,1000,1000,1000,1000,1000,1000
2,ru_xiu_haoran,xue_xiu_xuesha,66%,325,323,1000,1000,1000,1000,1000,1000,1000,1000
2,ru_xiu_haoran,du_gu_xiu,56%,325,320,1000,1000,1000,1000,1000,1000,1000,1000
2,ru_xiu_haoran,fu_xiu_fulu,56%,325,323,1000,1000,1000,1000,1000,1000,1000,1000
2,ru_xiu_haoran,kuilei_shi,100%,325,323,1000,1000,1000,1000,1000,1000,1000,1000
2,ru_xiu_haoran,yin_xiu_yuedao,82%,325,317,1000,1000,1000,1000,1000,1000,1000,1000
2,ru_xiu_haoran,yinguo_faze,60%,325,322,1000,1000,1000,1000,1000,1000,1000,1000
2,mo_xiu_xinmo,yao_xiu_huaxing,2%,316,329,1000,1100,1000,1000,1000,1000,1000,1000
2,mo_xiu_xinmo,xue_xiu_xuesha,28%,316,323,1000,1000,1000,1000,1000,1000,1000,1000
2,mo_xiu_xinmo,du_gu_xiu,38%,316,320,1000,1000,1000,1000,1000,1000,1000,1000
2,mo_xiu_xinmo,fu_xiu_fulu,32%,316,323,1000,1000,1000,1000,1000,1000,1000,1000
2,mo_xiu_xinmo,kuilei_shi,100%,316,323,1000,1000,1000,1000,1000,1000,1000,1000
2,mo_xiu_xinmo,yin_xiu_yuedao,58%,316,317,1000,1000,1000,1000,1000,1000,1000,1000
2,mo_xiu_xinmo,yinguo_faze,14%,316,322,1000,1000,1000,1000,1000,1000,1000,1000
2,yao_xiu_huaxing,xue_xiu_xuesha,88%,329,323,1100,1000,1000,1000,1000,1000,1000,1000
2,yao_xiu_huaxing,du_gu_xiu,94%,329,320,1100,1000,1000,1000,1000,1000,1000,1000
2,yao_xiu_huaxing,fu_xiu_fulu,88%,329,323,1100,1000,1000,1000,1000,1000,1000,1000
2,yao_xiu_huaxing,kuilei_shi,100%,329,323,1100,1000,1000,1000,1000,1000,1000,1000
2,yao_xiu_huaxing,yin_xiu_yuedao,96%,329,317,1100,1000,1000,1000,1000,1000,1000,1000
2,yao_xiu_huaxing,yinguo_faze,78%,329,322,1100,1000,1000,1000,1000,1000,1000,1000
2,xue_xiu_xuesha,du_gu_xiu,64%,323,320,1000,1000,1000,1000,1000,1000,1000,1000
2,xue_xiu_xuesha,fu_xiu_fulu,60%,323,323,1000,1000,1000,1000,1000,1000,1000,1000
2,xue_xiu_xuesha,kuilei_shi,100%,323,323,1000,1000,1000,1000,1000,1000,1000,1000
2,xue_xiu_xuesha,yin_xiu_yuedao,68%,323,317,1000,1000,1000,1000,1000,1000,1000,1000
2,xue_xiu_xuesha,yinguo_faze,46%,323,322,1000,1000,1000,1000,1000,1000,1000,1000
2,du_gu_xiu,fu_xiu_fulu,50%,320,323,1000,1000,1000,1000,1000,1000,1000,1000
2,du_gu_xiu,kuilei_shi,100%,320,323,1000,1000,1000,1000,1000,1000,1000,1000
2,du_gu_xiu,yin_xiu_yuedao,68%,320,317,1000,1000,1000,1000,1000,1000,1000,1000
2,du_gu_xiu,yinguo_faze,42%,320,322,1000,1000,1000,1000,1000,1000,1000,1000
2,fu_xiu_fulu,kuilei_shi,100%,323,323,1000,1000,1000,1000,1000,1000,1000,1000
2,fu_xiu_fulu,yin_xiu_yuedao,74%,323,317,1000,1000,1000,1000,1000,1000,1000,1000
2,fu_xiu_fulu,yinguo_faze,62%,323,322,1000,1000,1000,1000,1000,1000,1000,1000
2,kuilei_shi,yin_xiu_yuedao,0%,323,317,1000,1000,1000,1000,1000,1000,1000,1000
2,kuilei_shi,yinguo_faze,0%,323,322,1000,1000,1000,1000,1000,1000,1000,1000
2,yin_xiu_yuedao,yinguo_faze,30%,317,322,1000,1000,1000,1000,1000,1000,1000,1000
4,sword_immortal,ti_xiu_hengshi,0%,472,465,1000,1000,1000,1000,1000,1000,1000,1000
4,sword_immortal,fa_xiu,34%,472,475,1000,1000,1000,1000,1000,1000,1000,1000
4,sword_immortal,gui_xiu_yang_hun,2%,472,476,1000,1000,1000,1000,1000,1000,1000,1000
4,sword_immortal,soul_divine_sense,50%,472,475,1000,1000,1000,1000,1000,1000,1000,1000
4,sword_immortal,lei_xiu,0%,472,468,1000,1000,1000,1000,1000,1000,1000,1000
4,sword_immortal,buddhist_golden_body,28%,472,478,1000,1000,1000,1000,1000,1000,1000,1000
4,sword_immortal,ming_fate_causality,48%,472,473,1000,1000,1000,1000,1000,1000,1000,1000
4,sword_immortal,yu_shou,0%,472,465,1000,1000,1000,1000,1000,1000,1000,1000
4,sword_immortal,ru_xiu_haoran,24%,472,481,1000,1000,1000,1000,1000,1000,1000,1000
4,sword_immortal,mo_xiu_xinmo,64%,472,470,1000,1000,1000,1000,1000,1000,1000,1000
4,sword_immortal,yao_xiu_huaxing,4%,472,469,1000,1100,1000,1000,1000,1000,1000,1000
4,sword_immortal,xue_xiu_xuesha,62%,472,471,1000,1000,1000,1000,1000,1000,1000,1000
4,sword_immortal,du_gu_xiu,44%,472,473,1000,1000,1000,1000,1000,1000,1000,1000
4,sword_immortal,fu_xiu_fulu,24%,472,475,1000,1000,1000,1000,1000,1000,1000,1000
4,sword_immortal,kuilei_shi,100%,472,489,1000,1000,1000,1000,1000,1000,1000,1000
4,sword_immortal,yin_xiu_yuedao,0%,472,476,1000,1000,1000,1000,1000,1000,1000,1000
4,sword_immortal,yinguo_faze,38%,472,479,1000,1000,1000,1000,1000,1000,1000,1000
4,ti_xiu_hengshi,fa_xiu,100%,465,475,1000,1000,1000,1000,1000,1000,1000,1000
4,ti_xiu_hengshi,gui_xiu_yang_hun,70%,465,476,1000,1000,1000,1000,1000,1000,1000,1000
4,ti_xiu_hengshi,soul_divine_sense,100%,465,475,1000,1000,1000,1000,1000,1000,1000,1000
4,ti_xiu_hengshi,lei_xiu,100%,465,468,1000,1000,1000,1000,1000,1000,1000,1000
4,ti_xiu_hengshi,buddhist_golden_body,100%,465,478,1000,1000,1000,1000,1000,1000,1000,1000
4,ti_xiu_hengshi,ming_fate_causality,100%,465,473,1000,1000,1000,1000,1000,1000,1000,1000
4,ti_xiu_hengshi,yu_shou,100%,465,465,1000,1000,1000,1000,1000,1000,1000,1000
4,ti_xiu_hengshi,ru_xiu_haoran,100%,465,481,1000,1000,1000,1000,1000,1000,1000,1000
4,ti_xiu_hengshi,mo_xiu_xinmo,100%,465,470,1000,1000,1000,1000,1000,1000,1000,1000
4,ti_xiu_hengshi,yao_xiu_huaxing,92%,465,469,1000,1100,1000,1000,1000,1000,1000,1000
4,ti_xiu_hengshi,xue_xiu_xuesha,100%,465,471,1000,1000,1000,1000,1000,1000,1000,1000
4,ti_xiu_hengshi,du_gu_xiu,100%,465,473,1000,1000,1000,1000,1000,1000,1000,1000
4,ti_xiu_hengshi,fu_xiu_fulu,100%,465,475,1000,1000,1000,1000,1000,1000,1000,1000
4,ti_xiu_hengshi,kuilei_shi,100%,465,489,1000,1000,1000,1000,1000,1000,1000,1000
4,ti_xiu_hengshi,yin_xiu_yuedao,94%,465,476,1000,1000,1000,1000,1000,1000,1000,1000
4,ti_xiu_hengshi,yinguo_faze,100%,465,479,1000,1000,1000,1000,1000,1000,1000,1000
4,fa_xiu,gui_xiu_yang_hun,2%,475,476,1000,1000,1000,1000,1000,1000,1000,1000
4,fa_xiu,soul_divine_sense,50%,475,475,1000,1000,1000,1000,1000,1000,1000,1000
4,fa_xiu,lei_xiu,0%,475,468,1000,1000,1000,1000,1000,1000,1000,1000
4,fa_xiu,buddhist_golden_body,30%,475,478,1000,1000,1000,1000,1000,1000,1000,1000
4,fa_xiu,ming_fate_causality,70%,475,473,1000,1000,1000,1000,1000,1000,1000,1000
4,fa_xiu,yu_shou,4%,475,465,1000,1000,1000,1000,1000,1000,1000,1000
4,fa_xiu,ru_xiu_haoran,36%,475,481,1000,1000,1000,1000,1000,1000,1000,1000
4,fa_xiu,mo_xiu_xinmo,66%,475,470,1000,1000,1000,1000,1000,1000,1000,1000
4,fa_xiu,yao_xiu_huaxing,0%,475,469,1000,1100,1000,1000,1000,1000,1000,1000
4,fa_xiu,xue_xiu_xuesha,78%,475,471,1000,1000,1000,1000,1000,1000,1000,1000
4,fa_xiu,du_gu_xiu,66%,475,473,1000,1000,1000,1000,1000,1000,1000,1000
4,fa_xiu,fu_xiu_fulu,46%,475,475,1000,1000,1000,1000,1000,1000,1000,1000
4,fa_xiu,kuilei_shi,100%,475,489,1000,1000,1000,1000,1000,1000,1000,1000
4,fa_xiu,yin_xiu_yuedao,0%,475,476,1000,1000,1000,1000,1000,1000,1000,1000
4,fa_xiu,yinguo_faze,40%,475,479,1000,1000,1000,1000,1000,1000,1000,1000
4,gui_xiu_yang_hun,soul_divine_sense,66%,476,475,1000,1000,1000,1000,1000,1000,1000,1000
4,gui_xiu_yang_hun,lei_xiu,98%,476,468,1000,1000,1000,1000,1000,1000,1000,1000
4,gui_xiu_yang_hun,buddhist_golden_body,26%,476,478,1000,1000,1000,1000,1000,1000,1000,1000
4,gui_xiu_yang_hun,ming_fate_causality,56%,476,473,1000,1000,1000,1000,1000,1000,1000,1000
4,gui_xiu_yang_hun,yu_shou,90%,476,465,1000,1000,1000,1000,1000,1000,1000,1000
4,gui_xiu_yang_hun,ru_xiu_haoran,34%,476,481,1000,1000,1000,1000,1000,1000,1000,1000
4,gui_xiu_yang_hun,mo_xiu_xinmo,72%,476,470,1000,1000,1000,1000,1000,1000,1000,1000
4,gui_xiu_yang_hun,yao_xiu_huaxing,2%,476,469,1000,1100,1000,1000,1000,1000,1000,1000
4,gui_xiu_yang_hun,xue_xiu_xuesha,60%,476,471,1000,1000,1000,1000,1000,1000,1000,1000
4,gui_xiu_yang_hun,du_gu_xiu,52%,476,473,1000,1000,1000,1000,1000,1000,1000,1000
4,gui_xiu_yang_hun,fu_xiu_fulu,62%,476,475,1000,1000,1000,1000,1000,1000,1000,1000
4,gui_xiu_yang_hun,kuilei_shi,100%,476,489,1000,1000,1000,1000,1000,1000,1000,1000
4,gui_xiu_yang_hun,yin_xiu_yuedao,78%,476,476,1000,1000,1000,1000,1000,1000,1000,1000
4,gui_xiu_yang_hun,yinguo_faze,46%,476,479,1000,1000,1000,1000,1000,1000,1000,1000
4,soul_divine_sense,lei_xiu,2%,475,468,1000,1000,1000,1000,1000,1000,1000,1000
4,soul_divine_sense,buddhist_golden_body,34%,475,478,1000,1000,1000,1000,1000,1000,1000,1000
4,soul_divine_sense,ming_fate_causality,42%,475,473,1000,1000,1000,1000,1000,1000,1000,1000
4,soul_divine_sense,yu_shou,6%,475,465,1000,1000,1000,1000,1000,1000,1000,1000
4,soul_divine_sense,ru_xiu_haoran,40%,475,481,1000,1000,1000,1000,1000,1000,1000,1000
4,soul_divine_sense,mo_xiu_xinmo,66%,475,470,1000,1000,1000,1000,1000,1000,1000,1000
4,soul_divine_sense,yao_xiu_huaxing,4%,475,469,1000,1100,1000,1000,1000,1000,1000,1000
4,soul_divine_sense,xue_xiu_xuesha,56%,475,471,1000,1000,1000,1000,1000,1000,1000,1000
4,soul_divine_sense,du_gu_xiu,56%,475,473,1000,1000,1000,1000,1000,1000,1000,1000
4,soul_divine_sense,fu_xiu_fulu,52%,475,475,1000,1000,1000,1000,1000,1000,1000,1000
4,soul_divine_sense,kuilei_shi,100%,475,489,1000,1000,1000,1000,1000,1000,1000,1000
4,soul_divine_sense,yin_xiu_yuedao,0%,475,476,1000,1000,1000,1000,1000,1000,1000,1000
4,soul_divine_sense,yinguo_faze,44%,475,479,1000,1000,1000,1000,1000,1000,1000,1000
4,lei_xiu,buddhist_golden_body,10%,468,478,1000,1000,1000,1000,1000,1000,1000,1000
4,lei_xiu,ming_fate_causality,26%,468,473,1000,1000,1000,1000,1000,1000,1000,1000
4,lei_xiu,yu_shou,58%,468,465,1000,1000,1000,1000,1000,1000,1000,1000
4,lei_xiu,ru_xiu_haoran,22%,468,481,1000,1000,1000,1000,1000,1000,1000,1000
4,lei_xiu,mo_xiu_xinmo,32%,468,470,1000,1000,1000,1000,1000,1000,1000,1000
4,lei_xiu,yao_xiu_huaxing,0%,468,469,1000,1100,1000,1000,1000,1000,1000,1000
4,lei_xiu,xue_xiu_xuesha,50%,468,471,1000,1000,1000,1000,1000,1000,1000,1000
4,lei_xiu,du_gu_xiu,34%,468,473,1000,1000,1000,1000,1000,1000,1000,1000
4,lei_xiu,fu_xiu_fulu,38%,468,475,1000,1000,1000,1000,1000,1000,1000,1000
4,lei_xiu,kuilei_shi,100%,468,489,1000,1000,1000,1000,1000,1000,1000,1000
4,lei_xiu,yin_xiu_yuedao,4%,468,476,1000,1000,1000,1000,1000,1000,1000,1000
4,lei_xiu,yinguo_faze,32%,468,479,1000,1000,1000,1000,1000,1000,1000,1000
4,buddhist_golden_body,ming_fate_causality,66%,478,473,1000,1000,1000,1000,1000,1000,1000,1000
4,buddhist_golden_body,yu_shou,6%,478,465,1000,1000,1000,1000,1000,1000,1000,1000
4,buddhist_golden_body,ru_xiu_haoran,64%,478,481,1000,1000,1000,1000,1000,1000,1000,1000
4,buddhist_golden_body,mo_xiu_xinmo,60%,478,470,1000,1000,1000,1000,1000,1000,1000,1000
4,buddhist_golden_body,yao_xiu_huaxing,0%,478,469,1000,1100,1000,1000,1000,1000,1000,1000
4,buddhist_golden_body,xue_xiu_xuesha,74%,478,471,1000,1000,1000,1000,1000,1000,1000,1000
4,buddhist_golden_body,du_gu_xiu,64%,478,473,1000,1000,1000,1000,1000,1000,1000,1000
4,buddhist_golden_body,fu_xiu_fulu,54%,478,475,1000,1000,1000,1000,1000,1000,1000,1000
4,buddhist_golden_body,kuilei_shi,100%,478,489,1000,1000,1000,1000,1000,1000,1000,1000
4,buddhist_golden_body,yin_xiu_yuedao,0%,478,476,1000,1000,1000,1000,1000,1000,1000,1000
4,buddhist_golden_body,yinguo_faze,54%,478,479,1000,1000,1000,1000,1000,1000,1000,1000
4,ming_fate_causality,yu_shou,2%,473,465,1000,1000,1000,1000,1000,1000,1000,1000
4,ming_fate_causality,ru_xiu_haoran,24%,473,481,1000,1000,1000,1000,1000,1000,1000,1000
4,ming_fate_causality,mo_xiu_xinmo,72%,473,470,1000,1000,1000,1000,1000,1000,1000,1000
4,ming_fate_causality,yao_xiu_huaxing,0%,473,469,1000,1100,1000,1000,1000,1000,1000,1000
4,ming_fate_causality,xue_xiu_xuesha,50%,473,471,1000,1000,1000,1000,1000,1000,1000,1000
4,ming_fate_causality,du_gu_xiu,64%,473,473,1000,1000,1000,1000,1000,1000,1000,1000
4,ming_fate_causality,fu_xiu_fulu,18%,473,475,1000,1000,1000,1000,1000,1000,1000,1000
4,ming_fate_causality,kuilei_shi,100%,473,489,1000,1000,1000,1000,1000,1000,1000,1000
4,ming_fate_causality,yin_xiu_yuedao,0%,473,476,1000,1000,1000,1000,1000,1000,1000,1000
4,ming_fate_causality,yinguo_faze,22%,473,479,1000,1000,1000,1000,1000,1000,1000,1000
4,yu_shou,ru_xiu_haoran,16%,465,481,1000,1000,1000,1000,1000,1000,1000,1000
4,yu_shou,mo_xiu_xinmo,22%,465,470,1000,1000,1000,1000,1000,1000,1000,1000
4,yu_shou,yao_xiu_huaxing,0%,465,469,1000,1100,1000,1000,1000,1000,1000,1000
4,yu_shou,xue_xiu_xuesha,36%,465,471,1000,1000,1000,1000,1000,1000,1000,1000
4,yu_shou,du_gu_xiu,28%,465,473,1000,1000,1000,1000,1000,1000,1000,1000
4,yu_shou,fu_xiu_fulu,28%,465,475,1000,1000,1000,1000,1000,1000,1000,1000
4,yu_shou,kuilei_shi,100%,465,489,1000,1000,1000,1000,1000,1000,1000,1000
4,yu_shou,yin_xiu_yuedao,10%,465,476,1000,1000,1000,1000,1000,1000,1000,1000
4,yu_shou,yinguo_faze,30%,465,479,1000,1000,1000,1000,1000,1000,1000,1000
4,ru_xiu_haoran,mo_xiu_xinmo,80%,481,470,1000,1000,1000,1000,1000,1000,1000,1000
4,ru_xiu_haoran,yao_xiu_huaxing,2%,481,469,1000,1100,1000,1000,1000,1000,1000,1000
4,ru_xiu_haoran,xue_xiu_xuesha,68%,481,471,1000,1000,1000,1000,1000,1000,1000,1000
4,ru_xiu_haoran,du_gu_xiu,68%,481,473,1000,1000,1000,1000,1000,1000,1000,1000
4,ru_xiu_haoran,fu_xiu_fulu,68%,481,475,1000,1000,1000,1000,1000,1000,1000,1000
4,ru_xiu_haoran,kuilei_shi,100%,481,489,1000,1000,1000,1000,1000,1000,1000,1000
4,ru_xiu_haoran,yin_xiu_yuedao,0%,481,476,1000,1000,1000,1000,1000,1000,1000,1000
4,ru_xiu_haoran,yinguo_faze,62%,481,479,1000,1000,1000,1000,1000,1000,1000,1000
4,mo_xiu_xinmo,yao_xiu_huaxing,0%,470,469,1000,1100,1000,1000,1000,1000,1000,1000
4,mo_xiu_xinmo,xue_xiu_xuesha,40%,470,471,1000,1000,1000,1000,1000,1000,1000,1000
4,mo_xiu_xinmo,du_gu_xiu,50%,470,473,1000,1000,1000,1000,1000,1000,1000,1000
4,mo_xiu_xinmo,fu_xiu_fulu,32%,470,475,1000,1000,1000,1000,1000,1000,1000,1000
4,mo_xiu_xinmo,kuilei_shi,100%,470,489,1000,1000,1000,1000,1000,1000,1000,1000
4,mo_xiu_xinmo,yin_xiu_yuedao,0%,470,476,1000,1000,1000,1000,1000,1000,1000,1000
4,mo_xiu_xinmo,yinguo_faze,34%,470,479,1000,1000,1000,1000,1000,1000,1000,1000
4,yao_xiu_huaxing,xue_xiu_xuesha,98%,469,471,1100,1000,1000,1000,1000,1000,1000,1000
4,yao_xiu_huaxing,du_gu_xiu,100%,469,473,1100,1000,1000,1000,1000,1000,1000,1000
4,yao_xiu_huaxing,fu_xiu_fulu,100%,469,475,1100,1000,1000,1000,1000,1000,1000,1000
4,yao_xiu_huaxing,kuilei_shi,100%,469,489,1100,1000,1000,1000,1000,1000,1000,1000
4,yao_xiu_huaxing,yin_xiu_yuedao,26%,469,476,1100,1000,1000,1000,1000,1000,1000,1000
4,yao_xiu_huaxing,yinguo_faze,90%,469,479,1100,1000,1000,1000,1000,1000,1000,1000
4,xue_xiu_xuesha,du_gu_xiu,50%,471,473,1000,1000,1000,1000,1000,1000,1000,1000
4,xue_xiu_xuesha,fu_xiu_fulu,44%,471,475,1000,1000,1000,1000,1000,1000,1000,1000
4,xue_xiu_xuesha,kuilei_shi,100%,471,489,1000,1000,1000,1000,1000,1000,1000,1000
4,xue_xiu_xuesha,yin_xiu_yuedao,0%,471,476,1000,1000,1000,1000,1000,1000,1000,1000
4,xue_xiu_xuesha,yinguo_faze,32%,471,479,1000,1000,1000,1000,1000,1000,1000,1000
4,du_gu_xiu,fu_xiu_fulu,60%,473,475,1000,1000,1000,1000,1000,1000,1000,1000
4,du_gu_xiu,kuilei_shi,100%,473,489,1000,1000,1000,1000,1000,1000,1000,1000
4,du_gu_xiu,yin_xiu_yuedao,0%,473,476,1000,1000,1000,1000,1000,1000,1000,1000
4,du_gu_xiu,yinguo_faze,42%,473,479,1000,1000,1000,1000,1000,1000,1000,1000
4,fu_xiu_fulu,kuilei_shi,100%,475,489,1000,1000,1000,1000,1000,1000,1000,1000
4,fu_xiu_fulu,yin_xiu_yuedao,0%,475,476,1000,1000,1000,1000,1000,1000,1000,1000
4,fu_xiu_fulu,yinguo_faze,48%,475,479,1000,1000,1000,1000,1000,1000,1000,1000
4,kuilei_shi,yin_xiu_yuedao,0%,489,476,1000,1000,1000,1000,1000,1000,1000,1000
4,kuilei_shi,yinguo_faze,0%,489,479,1000,1000,1000,1000,1000,1000,1000,1000
4,yin_xiu_yuedao,yinguo_faze,32%,476,479,1000,1000,1000,1000,1000,1000,1000,1000
6,sword_immortal,ti_xiu_hengshi,0%,726,733,1000,1000,1000,1000,1000,1000,1000,1000
6,sword_immortal,fa_xiu,70%,726,722,1000,1000,1000,1000,1000,1000,1000,1000
6,sword_immortal,gui_xiu_yang_hun,0%,726,738,1000,1000,1000,1000,1000,1000,1000,1000
6,sword_immortal,soul_divine_sense,30%,726,733,1000,1000,1000,1000,1000,1000,1000,1000
6,sword_immortal,lei_xiu,0%,726,734,1000,1000,1000,1000,1000,1000,1000,1000
6,sword_immortal,buddhist_golden_body,52%,726,723,1000,1000,1000,1000,1000,1000,1000,1000
6,sword_immortal,ming_fate_causality,40%,726,730,1000,1000,1000,1000,1000,1000,1000,1000
6,sword_immortal,yu_shou,0%,726,734,1000,1000,1000,1000,1000,1000,1000,1000
6,sword_immortal,ru_xiu_haoran,58%,726,725,1000,1000,1000,1000,1000,1000,1000,1000
6,sword_immortal,mo_xiu_xinmo,54%,726,725,1000,1000,1000,1000,1000,1000,1000,1000
6,sword_immortal,yao_xiu_huaxing,0%,726,734,1000,1100,1000,1000,1000,1000,1000,1000
6,sword_immortal,xue_xiu_xuesha,0%,726,737,1000,1000,1000,1000,1000,1000,1000,1000
6,sword_immortal,du_gu_xiu,40%,726,729,1000,1000,1000,1000,1000,1000,1000,1000
6,sword_immortal,fu_xiu_fulu,48%,726,727,1000,1000,1000,1000,1000,1000,1000,1000
6,sword_immortal,kuilei_shi,100%,726,723,1000,1000,1000,1000,1000,1000,1000,1000
6,sword_immortal,yin_xiu_yuedao,0%,726,726,1000,1000,1000,1000,1000,1000,1000,1000
6,sword_immortal,yinguo_faze,58%,726,724,1000,1000,1000,1000,1000,1000,1000,1000
6,ti_xiu_hengshi,fa_xiu,100%,733,722,1000,1000,1000,1000,1000,1000,1000,1000
6,ti_xiu_hengshi,gui_xiu_yang_hun,20%,733,738,1000,1000,1000,1000,1000,1000,1000,1000
6,ti_xiu_hengshi,soul_divine_sense,100%,733,733,1000,1000,1000,1000,1000,1000,1000,1000
6,ti_xiu_hengshi,lei_xiu,78%,733,734,1000,1000,1000,1000,1000,1000,1000,1000
6,ti_xiu_hengshi,buddhist_golden_body,100%,733,723,1000,1000,1000,1000,1000,1000,1000,1000
6,ti_xiu_hengshi,ming_fate_causality,100%,733,730,1000,1000,1000,1000,1000,1000,1000,1000
6,ti_xiu_hengshi,yu_shou,68%,733,734,1000,1000,1000,1000,1000,1000,1000,1000
6,ti_xiu_hengshi,ru_xiu_haoran,100%,733,725,1000,1000,1000,1000,1000,1000,1000,1000
6,ti_xiu_hengshi,mo_xiu_xinmo,100%,733,725,1000,1000,1000,1000,1000,1000,1000,1000
6,ti_xiu_hengshi,yao_xiu_huaxing,84%,733,734,1000,1100,1000,1000,1000,1000,1000,1000
6,ti_xiu_hengshi,xue_xiu_xuesha,20%,733,737,1000,1000,1000,1000,1000,1000,1000,1000
6,ti_xiu_hengshi,du_gu_xiu,100%,733,729,1000,1000,1000,1000,1000,1000,1000,1000
6,ti_xiu_hengshi,fu_xiu_fulu,100%,733,727,1000,1000,1000,1000,1000,1000,1000,1000
6,ti_xiu_hengshi,kuilei_shi,100%,733,723,1000,1000,1000,1000,1000,1000,1000,1000
6,ti_xiu_hengshi,yin_xiu_yuedao,68%,733,726,1000,1000,1000,1000,1000,1000,1000,1000
6,ti_xiu_hengshi,yinguo_faze,100%,733,724,1000,1000,1000,1000,1000,1000,1000,1000
6,fa_xiu,gui_xiu_yang_hun,0%,722,738,1000,1000,1000,1000,1000,1000,1000,1000
6,fa_xiu,soul_divine_sense,28%,722,733,1000,1000,1000,1000,1000,1000,1000,1000
6,fa_xiu,lei_xiu,0%,722,734,1000,1000,1000,1000,1000,1000,1000,1000
6,fa_xiu,buddhist_golden_body,36%,722,723,1000,1000,1000,1000,1000,1000,1000,1000
6,fa_xiu,ming_fate_causality,20%,722,730,1000,1000,1000,1000,1000,1000,1000,1000
6,fa_xiu,yu_shou,0%,722,734,1000,1000,1000,1000,1000,1000,1000,1000
6,fa_xiu,ru_xiu_haoran,40%,722,725,1000,1000,1000,1000,1000,1000,1000,1000
6,fa_xiu,mo_xiu_xinmo,36%,722,725,1000,1000,1000,1000,1000,1000,1000,1000
6,fa_xiu,yao_xiu_huaxing,0%,722,734,1000,1100,1000,1000,1000,1000,1000,1000
6,fa_xiu,xue_xiu_xuesha,0%,722,737,1000,1000,1000,1000,1000,1000,1000,1000
6,fa_xiu,du_gu_xiu,30%,722,729,1000,1000,1000,1000,1000,1000,1000,1000
6,fa_xiu,fu_xiu_fulu,42%,722,727,1000,1000,1000,1000,1000,1000,1000,1000
6,fa_xiu,kuilei_shi,100%,722,723,1000,1000,1000,1000,1000,1000,1000,1000
6,fa_xiu,yin_xiu_yuedao,0%,722,726,1000,1000,1000,1000,1000,1000,1000,1000
6,fa_xiu,yinguo_faze,32%,722,724,1000,1000,1000,1000,1000,1000,1000,1000
6,gui_xiu_yang_hun,soul_divine_sense,62%,738,733,1000,1000,1000,1000,1000,1000,1000,1000
6,gui_xiu_yang_hun,lei_xiu,98%,738,734,1000,1000,1000,1000,1000,1000,1000,1000
6,gui_xiu_yang_hun,buddhist_golden_body,72%,738,723,1000,1000,1000,1000,1000,1000,1000,1000
6,gui_xiu_yang_hun,ming_fate_causality,54%,738,730,1000,1000,1000,1000,1000,1000,1000,1000
6,gui_xiu_yang_hun,yu_shou,94%,738,734,1000,1000,1000,1000,1000,1000,1000,1000
6,gui_xiu_yang_hun,ru_xiu_haoran,66%,738,725,1000,1000,1000,1000,1000,1000,1000,1000
6,gui_xiu_yang_hun,mo_xiu_xinmo,72%,738,725,1000,1000,1000,1000,1000,1000,1000,1000
6,gui_xiu_yang_hun,yao_xiu_huaxing,8%,738,734,1000,1100,1000,1000,1000,1000,1000,1000
6,gui_xiu_yang_hun,xue_xiu_xuesha,0%,738,737,1000,1000,1000,1000,1000,1000,1000,1000
6,gui_xiu_yang_hun,du_gu_xiu,64%,738,729,1000,1000,1000,1000,1000,1000,1000,1000
6,gui_xiu_yang_hun,fu_xiu_fulu,60%,738,727,1000,1000,1000,1000,1000,1000,1000,1000
6,gui_xiu_yang_hun,kuilei_shi,100%,738,723,1000,1000,1000,1000,1000,1000,1000,1000
6,gui_xiu_yang_hun,yin_xiu_yuedao,88%,738,726,1000,1000,1000,1000,1000,1000,1000,1000
6,gui_xiu_yang_hun,yinguo_faze,68%,738,724,1000,1000,1000,1000,1000,1000,1000,1000
6,soul_divine_sense,lei_xiu,2%,733,734,1000,1000,1000,1000,1000,1000,1000,1000
6,soul_divine_sense,buddhist_golden_body,72%,733,723,1000,1000,1000,1000,1000,1000,1000,1000
6,soul_divine_sense,ming_fate_causality,46%,733,730,1000,1000,1000,1000,1000,1000,1000,1000
6,soul_divine_sense,yu_shou,0%,733,734,1000,1000,1000,1000,1000,1000,1000,1000
6,soul_divine_sense,ru_xiu_haoran,58%,733,725,1000,1000,1000,1000,1000,1000,1000,1000
6,soul_divine_sense,mo_xiu_xinmo,74%,733,725,1000,1000,1000,1000,1000,1000,1000,1000
6,soul_divine_sense,yao_xiu_huaxing,8%,733,734,1000,1100,1000,1000,1000,1000,1000,1000
6,soul_divine_sense,xue_xiu_xuesha,0%,733,737,1000,1000,1000,1000,1000,1000,1000,1000
6,soul_divine_sense,du_gu_xiu,72%,733,729,1000,1000,1000,1000,1000,1000,1000,1000
6,soul_divine_sense,fu_xiu_fulu,58%,733,727,1000,1000,1000,1000,1000,1000,1000,1000
6,soul_divine_sense,kuilei_shi,100%,733,723,1000,1000,1000,1000,1000,1000,1000,1000
6,soul_divine_sense,yin_xiu_yuedao,0%,733,726,1000,1000,1000,1000,1000,1000,1000,1000
6,soul_divine_sense,yinguo_faze,64%,733,724,1000,1000,1000,1000,1000,1000,1000,1000
6,lei_xiu,buddhist_golden_body,68%,734,723,1000,1000,1000,1000,1000,1000,1000,1000
6,lei_xiu,ming_fate_causality,54%,734,730,1000,1000,1000,1000,1000,1000,1000,1000
6,lei_xiu,yu_shou,38%,734,734,1000,1000,1000,1000,1000,1000,1000,1000
6,lei_xiu,ru_xiu_haoran,58%,734,725,1000,1000,1000,1000,1000,1000,1000,1000
6,lei_xiu,mo_xiu_xinmo,76%,734,725,1000,1000,1000,1000,1000,1000,1000,1000
6,lei_xiu,yao_xiu_huaxing,0%,734,734,1000,1100,1000,1000,1000,1000,1000,1000
6,lei_xiu,xue_xiu_xuesha,0%,734,737,1000,1000,1000,1000,1000,1000,1000,1000
6,lei_xiu,du_gu_xiu,52%,734,729,1000,1000,1000,1000,1000,1000,1000,1000
6,lei_xiu,fu_xiu_fulu,68%,734,727,1000,1000,1000,1000,1000,1000,1000,1000
6,lei_xiu,kuilei_shi,100%,734,723,1000,1000,1000,1000,1000,1000,1000,1000
6,lei_xiu,yin_xiu_yuedao,16%,734,726,1000,1000,1000,1000,1000,1000,1000,1000
6,lei_xiu,yinguo_faze,64%,734,724,1000,1000,1000,1000,1000,1000,1000,1000
6,buddhist_golden_body,ming_fate_causality,32%,723,730,1000,1000,1000,1000,1000,1000,1000,1000
6,buddhist_golden_body,yu_shou,0%,723,734,1000,1000,1000,1000,1000,1000,1000,1000
6,buddhist_golden_body,ru_xiu_haoran,46%,723,725,1000,1000,1000,1000,1000,1000,1000,1000
6,buddhist_golden_body,mo_xiu_xinmo,60%,723,725,1000,1000,1000,1000,1000,1000,1000,1000
6,buddhist_golden_body,yao_xiu_huaxing,100%,723,734,1000,1100,1000,1000,1000,1000,1000,1000
6,buddhist_golden_body,xue_xiu_xuesha,0%,723,737,1000,1000,1000,1000,1000,1000,1000,1000
6,buddhist_golden_body,du_gu_xiu,38%,723,729,1000,1000,1000,1000,1000,1000,1000,1000
6,buddhist_golden_body,fu_xiu_fulu,46%,723,727,1000,1000,1000,1000,1000,1000,1000,1000
6,buddhist_golden_body,kuilei_shi,100%,723,723,1000,1000,1000,1000,1000,1000,1000,1000
6,buddhist_golden_body,yin_xiu_yuedao,0%,723,726,1000,1000,1000,1000,1000,1000,1000,1000
6,buddhist_golden_body,yinguo_faze,48%,723,724,1000,1000,1000,1000,1000,1000,1000,1000
6,ming_fate_causality,yu_shou,0%,730,734,1000,1000,1000,1000,1000,1000,1000,1000
6,ming_fate_causality,ru_xiu_haoran,62%,730,725,1000,1000,1000,1000,1000,1000,1000,1000
6,ming_fate_causality,mo_xiu_xinmo,66%,730,725,1000,1000,1000,1000,1000,1000,1000,1000
6,ming_fate_causality,yao_xiu_huaxing,2%,730,734,1000,1100,1000,1000,1000,1000,1000,1000
6,ming_fate_causality,xue_xiu_xuesha,0%,730,737,1000,1000,1000,1000,1000,1000,1000,1000
6,ming_fate_causality,du_gu_xiu,46%,730,729,1000,1000,1000,1000,1000,1000,1000,1000
6,ming_fate_causality,fu_xiu_fulu,58%,730,727,1000,1000,1000,1000,1000,1000,1000,1000
6,ming_fate_causality,kuilei_shi,100%,730,723,1000,1000,1000,1000,1000,1000,1000,1000
6,ming_fate_causality,yin_xiu_yuedao,0%,730,726,1000,1000,1000,1000,1000,1000,1000,1000
6,ming_fate_causality,yinguo_faze,60%,730,724,1000,1000,1000,1000,1000,1000,1000,1000
6,yu_shou,ru_xiu_haoran,60%,734,725,1000,1000,1000,1000,1000,1000,1000,1000
6,yu_shou,mo_xiu_xinmo,84%,734,725,1000,1000,1000,1000,1000,1000,1000,1000
6,yu_shou,yao_xiu_huaxing,0%,734,734,1000,1100,1000,1000,1000,1000,1000,1000
6,yu_shou,xue_xiu_xuesha,0%,734,737,1000,1000,1000,1000,1000,1000,1000,1000
6,yu_shou,du_gu_xiu,74%,734,729,1000,1000,1000,1000,1000,1000,1000,1000
6,yu_shou,fu_xiu_fulu,70%,734,727,1000,1000,1000,1000,1000,1000,1000,1000
6,yu_shou,kuilei_shi,100%,734,723,1000,1000,1000,1000,1000,1000,1000,1000
6,yu_shou,yin_xiu_yuedao,26%,734,726,1000,1000,1000,1000,1000,1000,1000,1000
6,yu_shou,yinguo_faze,62%,734,724,1000,1000,1000,1000,1000,1000,1000,1000
6,ru_xiu_haoran,mo_xiu_xinmo,64%,725,725,1000,1000,1000,1000,1000,1000,1000,1000
6,ru_xiu_haoran,yao_xiu_huaxing,4%,725,734,1000,1100,1000,1000,1000,1000,1000,1000
6,ru_xiu_haoran,xue_xiu_xuesha,0%,725,737,1000,1000,1000,1000,1000,1000,1000,1000
6,ru_xiu_haoran,du_gu_xiu,38%,725,729,1000,1000,1000,1000,1000,1000,1000,1000
6,ru_xiu_haoran,fu_xiu_fulu,34%,725,727,1000,1000,1000,1000,1000,1000,1000,1000
6,ru_xiu_haoran,kuilei_shi,100%,725,723,1000,1000,1000,1000,1000,1000,1000,1000
6,ru_xiu_haoran,yin_xiu_yuedao,0%,725,726,1000,1000,1000,1000,1000,1000,1000,1000
6,ru_xiu_haoran,yinguo_faze,56%,725,724,1000,1000,1000,1000,1000,1000,1000,1000
6,mo_xiu_xinmo,yao_xiu_huaxing,0%,725,734,1000,1100,1000,1000,1000,1000,1000,1000
6,mo_xiu_xinmo,xue_xiu_xuesha,0%,725,737,1000,1000,1000,1000,1000,1000,1000,1000
6,mo_xiu_xinmo,du_gu_xiu,52%,725,729,1000,1000,1000,1000,1000,1000,1000,1000
6,mo_xiu_xinmo,fu_xiu_fulu,32%,725,727,1000,1000,1000,1000,1000,1000,1000,1000
6,mo_xiu_xinmo,kuilei_shi,100%,725,723,1000,1000,1000,1000,1000,1000,1000,1000
6,mo_xiu_xinmo,yin_xiu_yuedao,0%,725,726,1000,1000,1000,1000,1000,1000,1000,1000
6,mo_xiu_xinmo,yinguo_faze,48%,725,724,1000,1000,1000,1000,1000,1000,1000,1000
6,yao_xiu_huaxing,xue_xiu_xuesha,6%,734,737,1100,1000,1000,1000,1000,1000,1000,1000
6,yao_xiu_huaxing,du_gu_xiu,100%,734,729,1100,1000,1000,1000,1000,1000,1000,1000
6,yao_xiu_huaxing,fu_xiu_fulu,98%,734,727,1100,1000,1000,1000,1000,1000,1000,1000
6,yao_xiu_huaxing,kuilei_shi,100%,734,723,1100,1000,1000,1000,1000,1000,1000,1000
6,yao_xiu_huaxing,yin_xiu_yuedao,18%,734,726,1100,1000,1000,1000,1000,1000,1000,1000
6,yao_xiu_huaxing,yinguo_faze,100%,734,724,1100,1000,1000,1000,1000,1000,1000,1000
6,xue_xiu_xuesha,du_gu_xiu,100%,737,729,1000,1000,1000,1000,1000,1000,1000,1000
6,xue_xiu_xuesha,fu_xiu_fulu,100%,737,727,1000,1000,1000,1000,1000,1000,1000,1000
6,xue_xiu_xuesha,kuilei_shi,100%,737,723,1000,1000,1000,1000,1000,1000,1000,1000
6,xue_xiu_xuesha,yin_xiu_yuedao,52%,737,726,1000,1000,1000,1000,1000,1000,1000,1000
6,xue_xiu_xuesha,yinguo_faze,100%,737,724,1000,1000,1000,1000,1000,1000,1000,1000
6,du_gu_xiu,fu_xiu_fulu,52%,729,727,1000,1000,1000,1000,1000,1000,1000,1000
6,du_gu_xiu,kuilei_shi,100%,729,723,1000,1000,1000,1000,1000,1000,1000,1000
6,du_gu_xiu,yin_xiu_yuedao,0%,729,726,1000,1000,1000,1000,1000,1000,1000,1000
6,du_gu_xiu,yinguo_faze,64%,729,724,1000,1000,1000,1000,1000,1000,1000,1000
6,fu_xiu_fulu,kuilei_shi,100%,727,723,1000,1000,1000,1000,1000,1000,1000,1000
6,fu_xiu_fulu,yin_xiu_yuedao,0%,727,726,1000,1000,1000,1000,1000,1000,1000,1000
6,fu_xiu_fulu,yinguo_faze,62%,727,724,1000,1000,1000,1000,1000,1000,1000,1000
6,kuilei_shi,yin_xiu_yuedao,0%,723,726,1000,1000,1000,1000,1000,1000,1000,1000
6,kuilei_shi,yinguo_faze,0%,723,724,1000,1000,1000,1000,1000,1000,1000,1000
6,yin_xiu_yuedao,yinguo_faze,60%,726,724,1000,1000,1000,1000,1000,1000,1000,1000
8,sword_immortal,ti_xiu_hengshi,0%,1140,1145,1000,1000,1000,1000,1000,1000,1000,1000
8,sword_immortal,fa_xiu,28%,1140,1143,1000,1000,1000,1000,1000,1000,1000,1000
8,sword_immortal,gui_xiu_yang_hun,0%,1140,1159,1000,1000,1000,1000,1000,1000,1000,1000
8,sword_immortal,soul_divine_sense,44%,1140,1146,1000,1000,1000,1000,1000,1000,1000,1000
8,sword_immortal,lei_xiu,0%,1140,1142,1000,1000,1000,1000,1000,1000,1000,1000
8,sword_immortal,buddhist_golden_body,36%,1140,1146,1000,1000,1000,1000,1000,1000,1000,1000
8,sword_immortal,ming_fate_causality,54%,1140,1146,1000,1000,1000,1000,1000,1000,1000,1000
8,sword_immortal,yu_shou,0%,1140,1154,1000,1000,1000,1000,1000,1000,1000,1000
8,sword_immortal,ru_xiu_haoran,40%,1140,1146,1000,1000,1000,1000,1000,1000,1000,1000
8,sword_immortal,mo_xiu_xinmo,28%,1140,1146,1000,1000,1000,1000,1000,1000,1000,1000
8,sword_immortal,yao_xiu_huaxing,2%,1140,1152,1000,1100,1000,1000,1000,1000,1000,1000
8,sword_immortal,xue_xiu_xuesha,0%,1140,1150,1000,1000,1000,1000,1000,1000,1000,1000
8,sword_immortal,du_gu_xiu,34%,1140,1152,1000,1000,1000,1000,1000,1000,1000,1000
8,sword_immortal,fu_xiu_fulu,64%,1140,1133,1000,1000,1000,1000,1000,1000,1000,1000
8,sword_immortal,kuilei_shi,100%,1140,1128,1000,1000,1000,1000,1000,1000,1000,1000
8,sword_immortal,yin_xiu_yuedao,0%,1140,1144,1000,1000,1000,1000,1000,1000,1000,1000
8,sword_immortal,yinguo_faze,54%,1140,1144,1000,1000,1000,1000,1000,1000,1000,1000
8,ti_xiu_hengshi,fa_xiu,98%,1145,1143,1000,1000,1000,1000,1000,1000,1000,1000
8,ti_xiu_hengshi,gui_xiu_yang_hun,2%,1145,1159,1000,1000,1000,1000,1000,1000,1000,1000
8,ti_xiu_hengshi,soul_divine_sense,98%,1145,1146,1000,1000,1000,1000,1000,1000,1000,1000
8,ti_xiu_hengshi,lei_xiu,42%,1145,1142,1000,1000,1000,1000,1000,1000,1000,1000
8,ti_xiu_hengshi,buddhist_golden_body,96%,1145,1146,1000,1000,1000,1000,1000,1000,1000,1000
8,ti_xiu_hengshi,ming_fate_causality,100%,1145,1146,1000,1000,1000,1000,1000,1000,1000,1000
8,ti_xiu_hengshi,yu_shou,20%,1145,1154,1000,1000,1000,1000,1000,1000,1000,1000
8,ti_xiu_hengshi,ru_xiu_haoran,92%,1145,1146,1000,1000,1000,1000,1000,1000,1000,1000
8,ti_xiu_hengshi,mo_xiu_xinmo,96%,1145,1146,1000,1000,1000,1000,1000,1000,1000,1000
8,ti_xiu_hengshi,yao_xiu_huaxing,70%,1145,1152,1000,1100,1000,1000,1000,1000,1000,1000
8,ti_xiu_hengshi,xue_xiu_xuesha,40%,1145,1150,1000,1000,1000,1000,1000,1000,1000,1000
8,ti_xiu_hengshi,du_gu_xiu,96%,1145,1152,1000,1000,1000,1000,1000,1000,1000,1000
8,ti_xiu_hengshi,fu_xiu_fulu,96%,1145,1133,1000,1000,1000,1000,1000,1000,1000,1000
8,ti_xiu_hengshi,kuilei_shi,100%,1145,1128,1000,1000,1000,1000,1000,1000,1000,1000
8,ti_xiu_hengshi,yin_xiu_yuedao,8%,1145,1144,1000,1000,1000,1000,1000,1000,1000,1000
8,ti_xiu_hengshi,yinguo_faze,94%,1145,1144,1000,1000,1000,1000,1000,1000,1000,1000
8,fa_xiu,gui_xiu_yang_hun,0%,1143,1159,1000,1000,1000,1000,1000,1000,1000,1000
8,fa_xiu,soul_divine_sense,42%,1143,1146,1000,1000,1000,1000,1000,1000,1000,1000
8,fa_xiu,lei_xiu,0%,1143,1142,1000,1000,1000,1000,1000,1000,1000,1000
8,fa_xiu,buddhist_golden_body,42%,1143,1146,1000,1000,1000,1000,1000,1000,1000,1000
8,fa_xiu,ming_fate_causality,48%,1143,1146,1000,1000,1000,1000,1000,1000,1000,1000
8,fa_xiu,yu_shou,0%,1143,1154,1000,1000,1000,1000,1000,1000,1000,1000
8,fa_xiu,ru_xiu_haoran,42%,1143,1146,1000,1000,1000,1000,1000,1000,1000,1000
8,fa_xiu,mo_xiu_xinmo,42%,1143,1146,1000,1000,1000,1000,1000,1000,1000,1000
8,fa_xiu,yao_xiu_huaxing,2%,1143,1152,1000,1100,1000,1000,1000,1000,1000,1000
8,fa_xiu,xue_xiu_xuesha,0%,1143,1150,1000,1000,1000,1000,1000,1000,1000,1000
8,fa_xiu,du_gu_xiu,34%,1143,1152,1000,1000,1000,1000,1000,1000,1000,1000
8,fa_xiu,fu_xiu_fulu,66%,1143,1133,1000,1000,1000,1000,1000,1000,1000,1000
8,fa_xiu,kuilei_shi,100%,1143,1128,1000,1000,1000,1000,1000,1000,1000,1000
8,fa_xiu,yin_xiu_yuedao,0%,1143,1144,1000,1000,1000,1000,1000,1000,1000,1000
8,fa_xiu,yinguo_faze,46%,1143,1144,1000,1000,1000,1000,1000,1000,1000,1000
8,gui_xiu_yang_hun,soul_divine_sense,64%,1159,1146,1000,1000,1000,1000,1000,1000,1000,1000
8,gui_xiu_yang_hun,lei_xiu,96%,1159,1142,1000,1000,1000,1000,1000,1000,1000,1000
8,gui_xiu_yang_hun,buddhist_golden_body,62%,1159,1146,1000,1000,1000,1000,1000,1000,1000,1000
8,gui_xiu_yang_hun,ming_fate_causality,74%,1159,1146,1000,1000,1000,1000,1000,1000,1000,1000
8,gui_xiu_yang_hun,yu_shou,90%,1159,1154,1000,1000,1000,1000,1000,1000,1000,1000
8,gui_xiu_yang_hun,ru_xiu_haoran,58%,1159,1146,1000,1000,1000,1000,1000,1000,1000,1000
8,gui_xiu_yang_hun,mo_xiu_xinmo,66%,1159,1146,1000,1000,1000,1000,1000,1000,1000,1000
8,gui_xiu_yang_hun,yao_xiu_huaxing,14%,1159,1152,1000,1100,1000,1000,1000,1000,1000,1000
8,gui_xiu_yang_hun,xue_xiu_xuesha,8%,1159,1150,1000,1000,1000,1000,1000,1000,1000,1000
8,gui_xiu_yang_hun,du_gu_xiu,64%,1159,1152,1000,1000,1000,1000,1000,1000,1000,1000
8,gui_xiu_yang_hun,fu_xiu_fulu,66%,1159,1133,1000,1000,1000,1000,1000,1000,1000,1000
8,gui_xiu_yang_hun,kuilei_shi,100%,1159,1128,1000,1000,1000,1000,1000,1000,1000,1000
8,gui_xiu_yang_hun,yin_xiu_yuedao,88%,1159,1144,1000,1000,1000,1000,1000,1000,1000,1000
8,gui_xiu_yang_hun,yinguo_faze,56%,1159,1144,1000,1000,1000,1000,1000,1000,1000,1000
8,soul_divine_sense,lei_xiu,0%,1146,1142,1000,1000,1000,1000,1000,1000,1000,1000
8,soul_divine_sense,buddhist_golden_body,52%,1146,1146,1000,1000,1000,1000,1000,1000,1000,1000
8,soul_divine_sense,ming_fate_causality,62%,1146,1146,1000,1000,1000,1000,1000,1000,1000,1000
8,soul_divine_sense,yu_shou,0%,1146,1154,1000,1000,1000,1000,1000,1000,1000,1000
8,soul_divine_sense,ru_xiu_haoran,48%,1146,1146,1000,1000,1000,1000,1000,1000,1000,1000
8,soul_divine_sense,mo_xiu_xinmo,68%,1146,1146,1000,1000,1000,1000,1000,1000,1000,1000
8,soul_divine_sense,yao_xiu_huaxing,8%,1146,1152,1000,1100,1000,1000,1000,1000,1000,1000
8,soul_divine_sense,xue_xiu_xuesha,0%,1146,1150,1000,1000,1000,1000,1000,1000,1000,1000
8,soul_divine_sense,du_gu_xiu,44%,1146,1152,1000,1000,1000,1000,1000,1000,1000,1000
8,soul_divine_sense,fu_xiu_fulu,54%,1146,1133,1000,1000,1000,1000,1000,1000,1000,1000
8,soul_divine_sense,kuilei_shi,100%,1146,1128,1000,1000,1000,1000,1000,1000,1000,1000
8,soul_divine_sense,yin_xiu_yuedao,0%,1146,1144,1000,1000,1000,1000,1000,1000,1000,1000
8,soul_divine_sense,yinguo_faze,52%,1146,1144,1000,1000,1000,1000,1000,1000,1000,1000
8,lei_xiu,buddhist_golden_body,42%,1142,1146,1000,1000,1000,1000,1000,1000,1000,1000
8,lei_xiu,ming_fate_causality,52%,1142,1146,1000,1000,1000,1000,1000,1000,1000,1000
8,lei_xiu,yu_shou,24%,1142,1154,1000,1000,1000,1000,1000,1000,1000,1000
8,lei_xiu,ru_xiu_haoran,32%,1142,1146,1000,1000,1000,1000,1000,1000,1000,1000
8,lei_xiu,mo_xiu_xinmo,38%,1142,1146,1000,1000,1000,1000,1000,1000,1000,1000
8,lei_xiu,yao_xiu_huaxing,0%,1142,1152,1000,1100,1000,1000,1000,1000,1000,1000
8,lei_xiu,xue_xiu_xuesha,0%,1142,1150,1000,1000,1000,1000,1000,1000,1000,1000
8,lei_xiu,du_gu_xiu,30%,1142,1152,1000,1000,1000,1000,1000,1000,1000,1000
8,lei_xiu,fu_xiu_fulu,54%,1142,1133,1000,1000,1000,1000,1000,1000,1000,1000
8,lei_xiu,kuilei_shi,100%,1142,1128,1000,1000,1000,1000,1000,1000,1000,1000
8,lei_xiu,yin_xiu_yuedao,4%,1142,1144,1000,1000,1000,1000,1000,1000,1000,1000
8,lei_xiu,yinguo_faze,40%,1142,1144,1000,1000,1000,1000,1000,1000,1000,1000
8,buddhist_golden_body,ming_fate_causality,58%,1146,1146,1000,1000,1000,1000,1000,1000,1000,1000
8,buddhist_golden_body,yu_shou,0%,1146,1154,1000,1000,1000,1000,1000,1000,1000,1000
8,buddhist_golden_body,ru_xiu_haoran,56%,1146,1146,1000,1000,1000,1000,1000,1000,1000,1000
8,buddhist_golden_body,mo_xiu_xinmo,52%,1146,1146,1000,1000,1000,1000,1000,1000,1000,1000
8,buddhist_golden_body,yao_xiu_huaxing,100%,1146,1152,1000,1100,1000,1000,1000,1000,1000,1000
8,buddhist_golden_body,xue_xiu_xuesha,0%,1146,1150,1000,1000,1000,1000,1000,1000,1000,1000
8,buddhist_golden_body,du_gu_xiu,44%,1146,1152,1000,1000,1000,1000,1000,1000,1000,1000
8,buddhist_golden_body,fu_xiu_fulu,62%,1146,1133,1000,1000,1000,1000,1000,1000,1000,1000
8,buddhist_golden_body,kuilei_shi,100%,1146,1128,1000,1000,1000,1000,1000,1000,1000,1000
8,buddhist_golden_body,yin_xiu_yuedao,0%,1146,1144,1000,1000,1000,1000,1000,1000,1000,1000
8,buddhist_golden_body,yinguo_faze,50%,1146,1144,1000,1000,1000,1000,1000,1000,1000,1000
8,ming_fate_causality,yu_shou,0%,1146,1154,1000,1000,1000,1000,1000,1000,1000,1000
8,ming_fate_causality,ru_xiu_haoran,58%,1146,1146,1000,1000,1000,1000,1000,1000,1000,1000
8,ming_fate_causality,mo_xiu_xinmo,52%,1146,1146,1000,1000,1000,1000,1000,1000,1000,1000
8,ming_fate_causality,yao_xiu_huaxing,2%,1146,1152,1000,1100,1000,1000,1000,1000,1000,1000
8,ming_fate_causality,xue_xiu_xuesha,2%,1146,1150,1000,1000,1000,1000,1000,1000,1000,1000
8,ming_fate_causality,du_gu_xiu,38%,1146,1152,1000,1000,1000,1000,1000,1000,1000,1000
8,ming_fate_causality,fu_xiu_fulu,56%,1146,1133,1000,1000,1000,1000,1000,1000,1000,1000
8,ming_fate_causality,kuilei_shi,100%,1146,1128,1000,1000,1000,1000,1000,1000,1000,1000
8,ming_fate_causality,yin_xiu_yuedao,0%,1146,1144,1000,1000,1000,1000,1000,1000,1000,1000
8,ming_fate_causality,yinguo_faze,66%,1146,1144,1000,1000,1000,1000,1000,1000,1000,1000
8,yu_shou,ru_xiu_haoran,62%,1154,1146,1000,1000,1000,1000,1000,1000,1000,1000
8,yu_shou,mo_xiu_xinmo,74%,1154,1146,1000,1000,1000,1000,1000,1000,1000,1000
8,yu_shou,yao_xiu_huaxing,0%,1154,1152,1000,1100,1000,1000,1000,1000,1000,1000
8,yu_shou,xue_xiu_xuesha,0%,1154,1150,1000,1000,1000,1000,1000,1000,1000,1000
8,yu_shou,du_gu_xiu,58%,1154,1152,1000,1000,1000,1000,1000,1000,1000,1000
8,yu_shou,fu_xiu_fulu,74%,1154,1133,1000,1000,1000,1000,1000,1000,1000,1000
8,yu_shou,kuilei_shi,100%,1154,1128,1000,1000,1000,1000,1000,1000,1000,1000
8,yu_shou,yin_xiu_yuedao,20%,1154,1144,1000,1000,1000,1000,1000,1000,1000,1000
8,yu_shou,yinguo_faze,62%,1154,1144,1000,1000,1000,1000,1000,1000,1000,1000
8,ru_xiu_haoran,mo_xiu_xinmo,50%,1146,1146,1000,1000,1000,1000,1000,1000,1000,1000
8,ru_xiu_haoran,yao_xiu_huaxing,2%,1146,1152,1000,1100,1000,1000,1000,1000,1000,1000
8,ru_xiu_haoran,xue_xiu_xuesha,0%,1146,1150,1000,1000,1000,1000,1000,1000,1000,1000
8,ru_xiu_haoran,du_gu_xiu,42%,1146,1152,1000,1000,1000,1000,1000,1000,1000,1000
8,ru_xiu_haoran,fu_xiu_fulu,64%,1146,1133,1000,1000,1000,1000,1000,1000,1000,1000
8,ru_xiu_haoran,kuilei_shi,100%,1146,1128,1000,1000,1000,1000,1000,1000,1000,1000
8,ru_xiu_haoran,yin_xiu_yuedao,0%,1146,1144,1000,1000,1000,1000,1000,1000,1000,1000
8,ru_xiu_haoran,yinguo_faze,50%,1146,1144,1000,1000,1000,1000,1000,1000,1000,1000
8,mo_xiu_xinmo,yao_xiu_huaxing,4%,1146,1152,1000,1100,1000,1000,1000,1000,1000,1000
8,mo_xiu_xinmo,xue_xiu_xuesha,0%,1146,1150,1000,1000,1000,1000,1000,1000,1000,1000
8,mo_xiu_xinmo,du_gu_xiu,52%,1146,1152,1000,1000,1000,1000,1000,1000,1000,1000
8,mo_xiu_xinmo,fu_xiu_fulu,68%,1146,1133,1000,1000,1000,1000,1000,1000,1000,1000
8,mo_xiu_xinmo,kuilei_shi,100%,1146,1128,1000,1000,1000,1000,1000,1000,1000,1000
8,mo_xiu_xinmo,yin_xiu_yuedao,0%,1146,1144,1000,1000,1000,1000,1000,1000,1000,1000
8,mo_xiu_xinmo,yinguo_faze,48%,1146,1144,1000,1000,1000,1000,1000,1000,1000,1000
8,yao_xiu_huaxing,xue_xiu_xuesha,24%,1152,1150,1100,1000,1000,1000,1000,1000,1000,1000
8,yao_xiu_huaxing,du_gu_xiu,96%,1152,1152,1100,1000,1000,1000,1000,1000,1000,1000
8,yao_xiu_huaxing,fu_xiu_fulu,98%,1152,1133,1100,1000,1000,1000,1000,1000,1000,1000
8,yao_xiu_huaxing,kuilei_shi,100%,1152,1128,1100,1000,1000,1000,1000,1000,1000,1000
8,yao_xiu_huaxing,yin_xiu_yuedao,8%,1152,1144,1100,1000,1000,1000,1000,1000,1000,1000
8,yao_xiu_huaxing,yinguo_faze,92%,1152,1144,1100,1000,1000,1000,1000,1000,1000,1000
8,xue_xiu_xuesha,du_gu_xiu,100%,1150,1152,1000,1000,1000,1000,1000,1000,1000,1000
8,xue_xiu_xuesha,fu_xiu_fulu,100%,1150,1133,1000,1000,1000,1000,1000,1000,1000,1000
8,xue_xiu_xuesha,kuilei_shi,100%,1150,1128,1000,1000,1000,1000,1000,1000,1000,1000
8,xue_xiu_xuesha,yin_xiu_yuedao,2%,1150,1144,1000,1000,1000,1000,1000,1000,1000,1000
8,xue_xiu_xuesha,yinguo_faze,96%,1150,1144,1000,1000,1000,1000,1000,1000,1000,1000
8,du_gu_xiu,fu_xiu_fulu,74%,1152,1133,1000,1000,1000,1000,1000,1000,1000,1000
8,du_gu_xiu,kuilei_shi,100%,1152,1128,1000,1000,1000,1000,1000,1000,1000,1000
8,du_gu_xiu,yin_xiu_yuedao,0%,1152,1144,1000,1000,1000,1000,1000,1000,1000,1000
8,du_gu_xiu,yinguo_faze,48%,1152,1144,1000,1000,1000,1000,1000,1000,1000,1000
8,fu_xiu_fulu,kuilei_shi,100%,1133,1128,1000,1000,1000,1000,1000,1000,1000,1000
8,fu_xiu_fulu,yin_xiu_yuedao,0%,1133,1144,1000,1000,1000,1000,1000,1000,1000,1000
8,fu_xiu_fulu,yinguo_faze,42%,1133,1144,1000,1000,1000,1000,1000,1000,1000,1000
8,kuilei_shi,yin_xiu_yuedao,0%,1128,1144,1000,1000,1000,1000,1000,1000,1000,1000
8,kuilei_shi,yinguo_faze,0%,1128,1144,1000,1000,1000,1000,1000,1000,1000,1000
8,yin_xiu_yuedao,yinguo_faze,44%,1144,1144,1000,1000,1000,1000,1000,1000,1000,1000
9,sword_immortal,ti_xiu_hengshi,16%,1778,1772,1000,1000,1000,1000,1000,1000,1000,1000
9,sword_immortal,fa_xiu,40%,1778,1781,1000,1000,1000,1000,1000,1000,1000,1000
9,sword_immortal,lei_xiu,0%,1778,1774,1000,1000,1000,1000,1000,1000,1000,1000
9,sword_immortal,buddhist_golden_body,36%,1778,1781,1000,1000,1000,1000,1000,1000,1000,1000
9,sword_immortal,ming_fate_causality,46%,1778,1792,1000,1000,1000,1000,1000,1000,1000,1000
9,sword_immortal,yu_shou,0%,1778,1796,1000,1000,1000,1000,1000,1000,1000,1000
9,sword_immortal,ru_xiu_haoran,34%,1778,1791,1000,1000,1000,1000,1000,1000,1000,1000
9,sword_immortal,mo_xiu_xinmo,40%,1778,1783,1000,1000,1000,1000,1000,1000,1000,1000
9,sword_immortal,yao_xiu_huaxing,2%,1778,1787,1000,1100,1000,1000,1000,1000,1000,1000
9,sword_immortal,xue_xiu_xuesha,2%,1778,1786,1000,1000,1000,1000,1000,1000,1000,1000
9,sword_immortal,kuilei_shi,100%,1778,1775,1000,1000,1000,1000,1000,1000,1000,1000
9,sword_immortal,yin_xiu_yuedao,0%,1778,1790,1000,1000,1000,1000,1000,1000,1000,1000
9,ti_xiu_hengshi,fa_xiu,92%,1772,1781,1000,1000,1000,1000,1000,1000,1000,1000
9,ti_xiu_hengshi,lei_xiu,6%,1772,1774,1000,1000,1000,1000,1000,1000,1000,1000
9,ti_xiu_hengshi,buddhist_golden_body,86%,1772,1781,1000,1000,1000,1000,1000,1000,1000,1000
9,ti_xiu_hengshi,ming_fate_causality,86%,1772,1792,1000,1000,1000,1000,1000,1000,1000,1000
9,ti_xiu_hengshi,yu_shou,8%,1772,1796,1000,1000,1000,1000,1000,1000,1000,1000
9,ti_xiu_hengshi,ru_xiu_haoran,80%,1772,1791,1000,1000,1000,1000,1000,1000,1000,1000
9,ti_xiu_hengshi,mo_xiu_xinmo,96%,1772,1783,1000,1000,1000,1000,1000,1000,1000,1000
9,ti_xiu_hengshi,yao_xiu_huaxing,38%,1772,1787,1000,1100,1000,1000,1000,1000,1000,1000
9,ti_xiu_hengshi,xue_xiu_xuesha,34%,1772,1786,1000,1000,1000,1000,1000,1000,1000,1000
9,ti_xiu_hengshi,kuilei_shi,100%,1772,1775,1000,1000,1000,1000,1000,1000,1000,1000
9,ti_xiu_hengshi,yin_xiu_yuedao,2%,1772,1790,1000,1000,1000,1000,1000,1000,1000,1000
9,fa_xiu,lei_xiu,0%,1781,1774,1000,1000,1000,1000,1000,1000,1000,1000
9,fa_xiu,buddhist_golden_body,40%,1781,1781,1000,1000,1000,1000,1000,1000,1000,1000
9,fa_xiu,ming_fate_causality,34%,1781,1792,1000,1000,1000,1000,1000,1000,1000,1000
9,fa_xiu,yu_shou,0%,1781,1796,1000,1000,1000,1000,1000,1000,1000,1000
9,fa_xiu,ru_xiu_haoran,46%,1781,1791,1000,1000,1000,1000,1000,1000,1000,1000
9,fa_xiu,mo_xiu_xinmo,50%,1781,1783,1000,1000,1000,1000,1000,1000,1000,1000
9,fa_xiu,yao_xiu_huaxing,8%,1781,1787,1000,1100,1000,1000,1000,1000,1000,1000
9,fa_xiu,xue_xiu_xuesha,4%,1781,1786,1000,1000,1000,1000,1000,1000,1000,1000
9,fa_xiu,kuilei_shi,100%,1781,1775,1000,1000,1000,1000,1000,1000,1000,1000
9,fa_xiu,yin_xiu_yuedao,0%,1781,1790,1000,1000,1000,1000,1000,1000,1000,1000
9,lei_xiu,buddhist_golden_body,36%,1774,1781,1000,1000,1000,1000,1000,1000,1000,1000
9,lei_xiu,ming_fate_causality,44%,1774,1792,1000,1000,1000,1000,1000,1000,1000,1000
9,lei_xiu,yu_shou,16%,1774,1796,1000,1000,1000,1000,1000,1000,1000,1000
9,lei_xiu,ru_xiu_haoran,44%,1774,1791,1000,1000,1000,1000,1000,1000,1000,1000
9,lei_xiu,mo_xiu_xinmo,38%,1774,1783,1000,1000,1000,1000,1000,1000,1000,1000
9,lei_xiu,yao_xiu_huaxing,6%,1774,1787,1000,1100,1000,1000,1000,1000,1000,1000
9,lei_xiu,xue_xiu_xuesha,0%,1774,1786,1000,1000,1000,1000,1000,1000,1000,1000
9,lei_xiu,kuilei_shi,100%,1774,1775,1000,1000,1000,1000,1000,1000,1000,1000
9,lei_xiu,yin_xiu_yuedao,4%,1774,1790,1000,1000,1000,1000,1000,1000,1000,1000
9,buddhist_golden_body,ming_fate_causality,44%,1781,1792,1000,1000,1000,1000,1000,1000,1000,1000
9,buddhist_golden_body,yu_shou,0%,1781,1796,1000,1000,1000,1000,1000,1000,1000,1000
9,buddhist_golden_body,ru_xiu_haoran,42%,1781,1791,1000,1000,1000,1000,1000,1000,1000,1000
9,buddhist_golden_body,mo_xiu_xinmo,36%,1781,1783,1000,1000,1000,1000,1000,1000,1000,1000
9,buddhist_golden_body,yao_xiu_huaxing,100%,1781,1787,1000,1100,1000,1000,1000,1000,1000,1000
9,buddhist_golden_body,xue_xiu_xuesha,6%,1781,1786,1000,1000,1000,1000,1000,1000,1000,1000
9,buddhist_golden_body,kuilei_shi,100%,1781,1775,1000,1000,1000,1000,1000,1000,1000,1000
9,buddhist_golden_body,yin_xiu_yuedao,0%,1781,1790,1000,1000,1000,1000,1000,1000,1000,1000
9,ming_fate_causality,yu_shou,0%,1792,1796,1000,1000,1000,1000,1000,1000,1000,1000
9,ming_fate_causality,ru_xiu_haoran,52%,1792,1791,1000,1000,1000,1000,1000,1000,1000,1000
9,ming_fate_causality,mo_xiu_xinmo,54%,1792,1783,1000,1000,1000,1000,1000,1000,1000,1000
9,ming_fate_causality,yao_xiu_huaxing,22%,1792,1787,1000,1100,1000,1000,1000,1000,1000,1000
9,ming_fate_causality,xue_xiu_xuesha,6%,1792,1786,1000,1000,1000,1000,1000,1000,1000,1000
9,ming_fate_causality,kuilei_shi,100%,1792,1775,1000,1000,1000,1000,1000,1000,1000,1000
9,ming_fate_causality,yin_xiu_yuedao,0%,1792,1790,1000,1000,1000,1000,1000,1000,1000,1000
9,yu_shou,ru_xiu_haoran,64%,1796,1791,1000,1000,1000,1000,1000,1000,1000,1000
9,yu_shou,mo_xiu_xinmo,64%,1796,1783,1000,1000,1000,1000,1000,1000,1000,1000
9,yu_shou,yao_xiu_huaxing,6%,1796,1787,1000,1100,1000,1000,1000,1000,1000,1000
9,yu_shou,xue_xiu_xuesha,12%,1796,1786,1000,1000,1000,1000,1000,1000,1000,1000
9,yu_shou,kuilei_shi,100%,1796,1775,1000,1000,1000,1000,1000,1000,1000,1000
9,yu_shou,yin_xiu_yuedao,26%,1796,1790,1000,1000,1000,1000,1000,1000,1000,1000
9,ru_xiu_haoran,mo_xiu_xinmo,68%,1791,1783,1000,1000,1000,1000,1000,1000,1000,1000
9,ru_xiu_haoran,yao_xiu_huaxing,0%,1791,1787,1000,1100,1000,1000,1000,1000,1000,1000
9,ru_xiu_haoran,xue_xiu_xuesha,2%,1791,1786,1000,1000,1000,1000,1000,1000,1000,1000
9,ru_xiu_haoran,kuilei_shi,100%,1791,1775,1000,1000,1000,1000,1000,1000,1000,1000
9,ru_xiu_haoran,yin_xiu_yuedao,0%,1791,1790,1000,1000,1000,1000,1000,1000,1000,1000
9,mo_xiu_xinmo,yao_xiu_huaxing,4%,1783,1787,1000,1100,1000,1000,1000,1000,1000,1000
9,mo_xiu_xinmo,xue_xiu_xuesha,2%,1783,1786,1000,1000,1000,1000,1000,1000,1000,1000
9,mo_xiu_xinmo,kuilei_shi,100%,1783,1775,1000,1000,1000,1000,1000,1000,1000,1000
9,mo_xiu_xinmo,yin_xiu_yuedao,0%,1783,1790,1000,1000,1000,1000,1000,1000,1000,1000
9,yao_xiu_huaxing,xue_xiu_xuesha,54%,1787,1786,1100,1000,1000,1000,1000,1000,1000,1000
9,yao_xiu_huaxing,kuilei_shi,100%,1787,1775,1100,1000,1000,1000,1000,1000,1000,1000
9,yao_xiu_huaxing,yin_xiu_yuedao,0%,1787,1790,1100,1000,1000,1000,1000,1000,1000,1000
9,xue_xiu_xuesha,kuilei_shi,100%,1786,1775,1000,1000,1000,1000,1000,1000,1000,1000
9,xue_xiu_xuesha,yin_xiu_yuedao,0%,1786,1790,1000,1000,1000,1000,1000,1000,1000,1000
9,kuilei_shi,yin_xiu_yuedao,0%,1775,1790,1000,1000,1000,1000,1000,1000,1000,1000
10,sword_immortal,ti_xiu_hengshi,4%,2808,2823,1000,1000,1000,1000,1000,1000,1000,1000
10,sword_immortal,fa_xiu,32%,2808,2820,1000,1000,1000,1000,1000,1000,1000,1000
10,sword_immortal,gui_xiu_yang_hun,0%,2808,2808,1000,1000,1000,1000,1000,1000,1000,1000
10,sword_immortal,soul_divine_sense,46%,2808,2812,1000,1000,1000,1000,1000,1000,1000,1000
10,sword_immortal,lei_xiu,0%,2808,2808,1000,1000,1000,1000,1000,1000,1000,1000
10,sword_immortal,buddhist_golden_body,54%,2808,2800,1000,1000,1000,1000,1000,1000,1000,1000
10,sword_immortal,ming_fate_causality,36%,2808,2827,1000,1000,1000,1000,1000,1000,1000,1000
10,sword_immortal,yu_shou,0%,2808,2802,1000,1000,1000,1000,1000,1000,1000,1000
10,sword_immortal,ru_xiu_haoran,50%,2808,2814,1000,1000,1000,1000,1000,1000,1000,1000
10,sword_immortal,mo_xiu_xinmo,36%,2808,2814,1000,1000,1000,1000,1000,1000,1000,1000
10,sword_immortal,yao_xiu_huaxing,8%,2808,2821,1000,1100,1000,1000,1000,1000,1000,1000
10,sword_immortal,xue_xiu_xuesha,2%,2808,2820,1000,1000,1000,1000,1000,1000,1000,1000
10,sword_immortal,du_gu_xiu,52%,2808,2803,1000,1000,1000,1000,1000,1000,1000,1000
10,sword_immortal,fu_xiu_fulu,44%,2808,2814,1000,1000,1000,1000,1000,1000,1000,1000
10,sword_immortal,kuilei_shi,100%,2808,2805,1000,1000,1000,1000,1000,1000,1000,1000
10,sword_immortal,yin_xiu_yuedao,0%,2808,2821,1000,1000,1000,1000,1000,1000,1000,1000
10,sword_immortal,yinguo_faze,62%,2808,2808,1000,1000,1000,1000,1000,1000,1000,1000
10,ti_xiu_hengshi,fa_xiu,78%,2823,2820,1000,1000,1000,1000,1000,1000,1000,1000
10,ti_xiu_hengshi,gui_xiu_yang_hun,0%,2823,2808,1000,1000,1000,1000,1000,1000,1000,1000
10,ti_xiu_hengshi,soul_divine_sense,78%,2823,2812,1000,1000,1000,1000,1000,1000,1000,1000
10,ti_xiu_hengshi,lei_xiu,10%,2823,2808,1000,1000,1000,1000,1000,1000,1000,1000
10,ti_xiu_hengshi,buddhist_golden_body,88%,2823,2800,1000,1000,1000,1000,1000,1000,1000,1000
10,ti_xiu_hengshi,ming_fate_causality,74%,2823,2827,1000,1000,1000,1000,1000,1000,1000,1000
10,ti_xiu_hengshi,yu_shou,8%,2823,2802,1000,1000,1000,1000,1000,1000,1000,1000
10,ti_xiu_hengshi,ru_xiu_haoran,80%,2823,2814,1000,1000,1000,1000,1000,1000,1000,1000
10,ti_xiu_hengshi,mo_xiu_xinmo,90%,2823,2814,1000,1000,1000,1000,1000,1000,1000,1000
10,ti_xiu_hengshi,yao_xiu_huaxing,30%,2823,2821,1000,1100,1000,1000,1000,1000,1000,1000
10,ti_xiu_hengshi,xue_xiu_xuesha,36%,2823,2820,1000,1000,1000,1000,1000,1000,1000,1000
10,ti_xiu_hengshi,du_gu_xiu,70%,2823,2803,1000,1000,1000,1000,1000,1000,1000,1000
10,ti_xiu_hengshi,fu_xiu_fulu,78%,2823,2814,1000,1000,1000,1000,1000,1000,1000,1000
10,ti_xiu_hengshi,kuilei_shi,100%,2823,2805,1000,1000,1000,1000,1000,1000,1000,1000
10,ti_xiu_hengshi,yin_xiu_yuedao,0%,2823,2821,1000,1000,1000,1000,1000,1000,1000,1000
10,ti_xiu_hengshi,yinguo_faze,78%,2823,2808,1000,1000,1000,1000,1000,1000,1000,1000
10,fa_xiu,gui_xiu_yang_hun,0%,2820,2808,1000,1000,1000,1000,1000,1000,1000,1000
10,fa_xiu,soul_divine_sense,66%,2820,2812,1000,1000,1000,1000,1000,1000,1000,1000
10,fa_xiu,lei_xiu,0%,2820,2808,1000,1000,1000,1000,1000,1000,1000,1000
10,fa_xiu,buddhist_golden_body,74%,2820,2800,1000,1000,1000,1000,1000,1000,1000,1000
10,fa_xiu,ming_fate_causality,46%,2820,2827,1000,1000,1000,1000,1000,1000,1000,1000
10,fa_xiu,yu_shou,0%,2820,2802,1000,1000,1000,1000,1000,1000,1000,1000
10,fa_xiu,ru_xiu_haoran,70%,2820,2814,1000,1000,1000,1000,1000,1000,1000,1000
10,fa_xiu,mo_xiu_xinmo,60%,2820,2814,1000,1000,1000,1000,1000,1000,1000,1000
10,fa_xiu,yao_xiu_huaxing,10%,2820,2821,1000,1100,1000,1000,1000,1000,1000,1000
10,fa_xiu,xue_xiu_xuesha,14%,2820,2820,1000,1000,1000,1000,1000,1000,1000,1000
10,fa_xiu,du_gu_xiu,58%,2820,2803,1000,1000,1000,1000,1000,1000,1000,1000
10,fa_xiu,fu_xiu_fulu,50%,2820,2814,1000,1000,1000,1000,1000,1000,1000,1000
10,fa_xiu,kuilei_shi,100%,2820,2805,1000,1000,1000,1000,1000,1000,1000,1000
10,fa_xiu,yin_xiu_yuedao,0%,2820,2821,1000,1000,1000,1000,1000,1000,1000,1000
10,fa_xiu,yinguo_faze,70%,2820,2808,1000,1000,1000,1000,1000,1000,1000,1000
10,gui_xiu_yang_hun,soul_divine_sense,62%,2808,2812,1000,1000,1000,1000,1000,1000,1000,1000
10,gui_xiu_yang_hun,lei_xiu,100%,2808,2808,1000,1000,1000,1000,1000,1000,1000,1000
10,gui_xiu_yang_hun,buddhist_golden_body,56%,2808,2800,1000,1000,1000,1000,1000,1000,1000,1000
10,gui_xiu_yang_hun,ming_fate_causality,40%,2808,2827,1000,1000,1000,1000,1000,1000,1000,1000
10,gui_xiu_yang_hun,yu_shou,86%,2808,2802,1000,1000,1000,1000,1000,1000,1000,1000
10,gui_xiu_yang_hun,ru_xiu_haoran,52%,2808,2814,1000,1000,1000,1000,1000,1000,1000,1000
10,gui_xiu_yang_hun,mo_xiu_xinmo,52%,2808,2814,1000,1000,1000,1000,1000,1000,1000,1000
10,gui_xiu_yang_hun,yao_xiu_huaxing,30%,2808,2821,1000,1100,1000,1000,1000,1000,1000,1000
10,gui_xiu_yang_hun,xue_xiu_xuesha,18%,2808,2820,1000,1000,1000,1000,1000,1000,1000,1000
10,gui_xiu_yang_hun,du_gu_xiu,54%,2808,2803,1000,1000,1000,1000,1000,1000,1000,1000
10,gui_xiu_yang_hun,fu_xiu_fulu,44%,2808,2814,1000,1000,1000,1000,1000,1000,1000,1000
10,gui_xiu_yang_hun,kuilei_shi,100%,2808,2805,1000,1000,1000,1000,1000,1000,1000,1000
10,gui_xiu_yang_hun,yin_xiu_yuedao,78%,2808,2821,1000,1000,1000,1000,1000,1000,1000,1000
10,gui_xiu_yang_hun,yinguo_faze,42%,2808,2808,1000,1000,1000,1000,1000,1000,1000,1000
10,soul_divine_sense,lei_xiu,2%,2812,2808,1000,1000,1000,1000,1000,1000,1000,1000
10,soul_divine_sense,buddhist_golden_body,62%,2812,2800,1000,1000,1000,1000,1000,1000,1000,1000
10,soul_divine_sense,ming_fate_causality,44%,2812,2827,1000,1000,1000,1000,1000,1000,1000,1000
10,soul_divine_sense,yu_shou,2%,2812,2802,1000,1000,1000,1000,1000,1000,1000,1000
10,soul_divine_sense,ru_xiu_haoran,42%,2812,2814,1000,1000,1000,1000,1000,1000,1000,1000
10,soul_divine_sense,mo_xiu_xinmo,42%,2812,2814,1000,1000,1000,1000,1000,1000,1000,1000
10,soul_divine_sense,yao_xiu_huaxing,6%,2812,2821,1000,1100,1000,1000,1000,1000,1000,1000
10,soul_divine_sense,xue_xiu_xuesha,10%,2812,2820,1000,1000,1000,1000,1000,1000,1000,1000
10,soul_divine_sense,du_gu_xiu,58%,2812,2803,1000,1000,1000,1000,1000,1000,1000,1000
10,soul_divine_sense,fu_xiu_fulu,62%,2812,2814,1000,1000,1000,1000,1000,1000,1000,1000
10,soul_divine_sense,kuilei_shi,100%,2812,2805,1000,1000,1000,1000,1000,1000,1000,1000
10,soul_divine_sense,yin_xiu_yuedao,0%,2812,2821,1000,1000,1000,1000,1000,1000,1000,1000
10,soul_divine_sense,yinguo_faze,54%,2812,2808,1000,1000,1000,1000,1000,1000,1000,1000
10,lei_xiu,buddhist_golden_body,48%,2808,2800,1000,1000,1000,1000,1000,1000,1000,1000
10,lei_xiu,ming_fate_causality,34%,2808,2827,1000,1000,1000,1000,1000,1000,1000,1000
10,lei_xiu,yu_shou,38%,2808,2802,1000,1000,1000,1000,1000,1000,1000,1000
10,lei_xiu,ru_xiu_haoran,48%,2808,2814,1000,1000,1000,1000,1000,1000,1000,1000
10,lei_xiu,mo_xiu_xinmo,40%,2808,2814,1000,1000,1000,1000,1000,1000,1000,1000
10,lei_xiu,yao_xiu_huaxing,4%,2808,2821,1000,1100,1000,1000,1000,1000,1000,1000
10,lei_xiu,xue_xiu_xuesha,8%,2808,2820,1000,1000,1000,1000,1000,1000,1000,1000
10,lei_xiu,du_gu_xiu,56%,2808,2803,1000,1000,1000,1000,1000,1000,1000,1000
10,lei_xiu,fu_xiu_fulu,64%,2808,2814,1000,1000,1000,1000,1000,1000,1000,1000
10,lei_xiu,kuilei_shi,100%,2808,2805,1000,1000,1000,1000,1000,1000,1000,1000
10,lei_xiu,yin_xiu_yuedao,4%,2808,2821,1000,1000,1000,1000,1000,1000,1000,1000
10,lei_xiu,yinguo_faze,52%,2808,2808,1000,1000,1000,1000,1000,1000,1000,1000
10,buddhist_golden_body,ming_fate_causality,30%,2800,2827,1000,1000,1000,1000,1000,1000,1000,1000
10,buddhist_golden_body,yu_shou,2%,2800,2802,1000,1000,1000,1000,1000,1000,1000,1000
10,buddhist_golden_body,ru_xiu_haoran,40%,2800,2814,1000,1000,1000,1000,1000,1000,1000,1000
10,buddhist_golden_body,mo_xiu_xinmo,30%,2800,2814,1000,1000,1000,1000,1000,1000,1000,1000
10,buddhist_golden_body,yao_xiu_huaxing,100%,2800,2821,1000,1100,1000,1000,1000,1000,1000,1000
10,buddhist_golden_body,xue_xiu_xuesha,14%,2800,2820,1000,1000,1000,1000,1000,1000,1000,1000
10,buddhist_golden_body,du_gu_xiu,46%,2800,2803,1000,1000,1000,1000,1000,1000,1000,1000
10,buddhist_golden_body,fu_xiu_fulu,36%,2800,2814,1000,1000,1000,1000,1000,1000,1000,1000
10,buddhist_golden_body,kuilei_shi,100%,2800,2805,1000,1000,1000,1000,1000,1000,1000,1000
10,buddhist_golden_body,yin_xiu_yuedao,0%,2800,2821,1000,1000,1000,1000,1000,1000,1000,1000
10,buddhist_golden_body,yinguo_faze,48%,2800,2808,1000,1000,1000,1000,1000,1000,1000,1000
10,ming_fate_causality,yu_shou,2%,2827,2802,1000,1000,1000,1000,1000,1000,1000,1000
10,ming_fate_causality,ru_xiu_haoran,60%,2827,2814,1000,1000,1000,1000,1000,1000,1000,1000
10,ming_fate_causality,mo_xiu_xinmo,50%,2827,2814,1000,1000,1000,1000,1000,1000,1000,1000
10,ming_fate_causality,yao_xiu_huaxing,18%,2827,2821,1000,1100,1000,1000,1000,1000,1000,1000
10,ming_fate_causality,xue_xiu_xuesha,10%,2827,2820,1000,1000,1000,1000,1000,1000,1000,1000
10,ming_fate_causality,du_gu_xiu,64%,2827,2803,1000,1000,1000,1000,1000,1000,1000,1000
10,ming_fate_causality,fu_xiu_fulu,60%,2827,2814,1000,1000,1000,1000,1000,1000,1000,1000
10,ming_fate_causality,kuilei_shi,100%,2827,2805,1000,1000,1000,1000,1000,1000,1000,1000
10,ming_fate_causality,yin_xiu_yuedao,0%,2827,2821,1000,1000,1000,1000,1000,1000,1000,1000
10,ming_fate_causality,yinguo_faze,56%,2827,2808,1000,1000,1000,1000,1000,1000,1000,1000
10,yu_shou,ru_xiu_haoran,46%,2802,2814,1000,1000,1000,1000,1000,1000,1000,1000
10,yu_shou,mo_xiu_xinmo,46%,2802,2814,1000,1000,1000,1000,1000,1000,1000,1000
10,yu_shou,yao_xiu_huaxing,16%,2802,2821,1000,1100,1000,1000,1000,1000,1000,1000
10,yu_shou,xue_xiu_xuesha,12%,2802,2820,1000,1000,1000,1000,1000,1000,1000,1000
10,yu_shou,du_gu_xiu,52%,2802,2803,1000,1000,1000,1000,1000,1000,1000,1000
10,yu_shou,fu_xiu_fulu,38%,2802,2814,1000,1000,1000,1000,1000,1000,1000,1000
10,yu_shou,kuilei_shi,100%,2802,2805,1000,1000,1000,1000,1000,1000,1000,1000
10,yu_shou,yin_xiu_yuedao,6%,2802,2821,1000,1000,1000,1000,1000,1000,1000,1000
10,yu_shou,yinguo_faze,42%,2802,2808,1000,1000,1000,1000,1000,1000,1000,1000
10,ru_xiu_haoran,mo_xiu_xinmo,56%,2814,2814,1000,1000,1000,1000,1000,1000,1000,1000
10,ru_xiu_haoran,yao_xiu_huaxing,16%,2814,2821,1000,1100,1000,1000,1000,1000,1000,1000
10,ru_xiu_haoran,xue_xiu_xuesha,8%,2814,2820,1000,1000,1000,1000,1000,1000,1000,1000
10,ru_xiu_haoran,du_gu_xiu,64%,2814,2803,1000,1000,1000,1000,1000,1000,1000,1000
10,ru_xiu_haoran,fu_xiu_fulu,60%,2814,2814,1000,1000,1000,1000,1000,1000,1000,1000
10,ru_xiu_haoran,kuilei_shi,100%,2814,2805,1000,1000,1000,1000,1000,1000,1000,1000
10,ru_xiu_haoran,yin_xiu_yuedao,0%,2814,2821,1000,1000,1000,1000,1000,1000,1000,1000
10,ru_xiu_haoran,yinguo_faze,52%,2814,2808,1000,1000,1000,1000,1000,1000,1000,1000
10,mo_xiu_xinmo,yao_xiu_huaxing,6%,2814,2821,1000,1100,1000,1000,1000,1000,1000,1000
10,mo_xiu_xinmo,xue_xiu_xuesha,8%,2814,2820,1000,1000,1000,1000,1000,1000,1000,1000
10,mo_xiu_xinmo,du_gu_xiu,70%,2814,2803,1000,1000,1000,1000,1000,1000,1000,1000
10,mo_xiu_xinmo,fu_xiu_fulu,60%,2814,2814,1000,1000,1000,1000,1000,1000,1000,1000
10,mo_xiu_xinmo,kuilei_shi,100%,2814,2805,1000,1000,1000,1000,1000,1000,1000,1000
10,mo_xiu_xinmo,yin_xiu_yuedao,0%,2814,2821,1000,1000,1000,1000,1000,1000,1000,1000
10,mo_xiu_xinmo,yinguo_faze,54%,2814,2808,1000,1000,1000,1000,1000,1000,1000,1000
10,yao_xiu_huaxing,xue_xiu_xuesha,70%,2821,2820,1100,1000,1000,1000,1000,1000,1000,1000
10,yao_xiu_huaxing,du_gu_xiu,80%,2821,2803,1100,1000,1000,1000,1000,1000,1000,1000
10,yao_xiu_huaxing,fu_xiu_fulu,86%,2821,2814,1100,1000,1000,1000,1000,1000,1000,1000
10,yao_xiu_huaxing,kuilei_shi,100%,2821,2805,1100,1000,1000,1000,1000,1000,1000,1000
10,yao_xiu_huaxing,yin_xiu_yuedao,0%,2821,2821,1100,1000,1000,1000,1000,1000,1000,1000
10,yao_xiu_huaxing,yinguo_faze,86%,2821,2808,1100,1000,1000,1000,1000,1000,1000,1000
10,xue_xiu_xuesha,du_gu_xiu,86%,2820,2803,1000,1000,1000,1000,1000,1000,1000,1000
10,xue_xiu_xuesha,fu_xiu_fulu,92%,2820,2814,1000,1000,1000,1000,1000,1000,1000,1000
10,xue_xiu_xuesha,kuilei_shi,100%,2820,2805,1000,1000,1000,1000,1000,1000,1000,1000
10,xue_xiu_xuesha,yin_xiu_yuedao,0%,2820,2821,1000,1000,1000,1000,1000,1000,1000,1000
10,xue_xiu_xuesha,yinguo_faze,80%,2820,2808,1000,1000,1000,1000,1000,1000,1000,1000
10,du_gu_xiu,fu_xiu_fulu,38%,2803,2814,1000,1000,1000,1000,1000,1000,1000,1000
10,du_gu_xiu,kuilei_shi,100%,2803,2805,1000,1000,1000,1000,1000,1000,1000,1000
10,du_gu_xiu,yin_xiu_yuedao,0%,2803,2821,1000,1000,1000,1000,1000,1000,1000,1000
10,du_gu_xiu,yinguo_faze,44%,2803,2808,1000,1000,1000,1000,1000,1000,1000,1000
10,fu_xiu_fulu,kuilei_shi,100%,2814,2805,1000,1000,1000,1000,1000,1000,1000,1000
10,fu_xiu_fulu,yin_xiu_yuedao,0%,2814,2821,1000,1000,1000,1000,1000,1000,1000,1000
10,fu_xiu_fulu,yinguo_faze,62%,2814,2808,1000,1000,1000,1000,1000,1000,1000,1000
10,kuilei_shi,yin_xiu_yuedao,0%,2805,2821,1000,1000,1000,1000,1000,1000,1000,1000
10,kuilei_shi,yinguo_faze,0%,2805,2808,1000,1000,1000,1000,1000,1000,1000,1000
10,yin_xiu_yuedao,yinguo_faze,50%,2821,2808,1000,1000,1000,1000,1000,1000,1000,1000
11,sword_immortal,ti_xiu_hengshi,14%,4522,4543,1000,1000,1000,1000,1000,1000,1000,1000
11,sword_immortal,fa_xiu,54%,4522,4524,1000,1000,1000,1000,1000,1000,1000,1000
11,sword_immortal,gui_xiu_yang_hun,0%,4522,4519,1000,1000,1000,1000,1000,1000,1000,1000
11,sword_immortal,lei_xiu,0%,4522,4563,1000,1000,1000,1000,1000,1000,1000,1000
11,sword_immortal,buddhist_golden_body,34%,4522,4529,1000,1000,1000,1000,1000,1000,1000,1000
11,sword_immortal,ming_fate_causality,64%,4522,4522,1000,1000,1000,1000,1000,1000,1000,1000
11,sword_immortal,yu_shou,0%,4522,4554,1000,1000,1000,1000,1000,1000,1000,1000
11,sword_immortal,ru_xiu_haoran,38%,4522,4552,1000,1000,1000,1000,1000,1000,1000,1000
11,sword_immortal,mo_xiu_xinmo,22%,4522,4552,1000,1000,1000,1000,1000,1000,1000,1000
11,sword_immortal,yao_xiu_huaxing,8%,4522,4525,1000,1100,1000,1000,1000,1000,1000,1000
11,sword_immortal,xue_xiu_xuesha,20%,4522,4513,1000,1000,1000,1000,1000,1000,1000,1000
11,sword_immortal,du_gu_xiu,60%,4522,4518,1000,1000,1000,1000,1000,1000,1000,1000
11,sword_immortal,fu_xiu_fulu,52%,4522,4536,1000,1000,1000,1000,1000,1000,1000,1000
11,sword_immortal,kuilei_shi,100%,4522,4535,1000,1000,1000,1000,1000,1000,1000,1000
11,sword_immortal,yin_xiu_yuedao,0%,4522,4551,1000,1000,1000,1000,1000,1000,1000,1000
11,sword_immortal,yinguo_faze,36%,4522,4524,1000,1000,1000,1000,1000,1000,1000,1000
11,ti_xiu_hengshi,fa_xiu,72%,4543,4524,1000,1000,1000,1000,1000,1000,1000,1000
11,ti_xiu_hengshi,gui_xiu_yang_hun,0%,4543,4519,1000,1000,1000,1000,1000,1000,1000,1000
11,ti_xiu_hengshi,lei_xiu,0%,4543,4563,1000,1000,1000,1000,1000,1000,1000,1000
11,ti_xiu_hengshi,buddhist_golden_body,68%,4543,4529,1000,1000,1000,1000,1000,1000,1000,1000
11,ti_xiu_hengshi,ming_fate_causality,78%,4543,4522,1000,1000,1000,1000,1000,1000,1000,1000
11,ti_xiu_hengshi,yu_shou,6%,4543,4554,1000,1000,1000,1000,1000,1000,1000,1000
11,ti_xiu_hengshi,ru_xiu_haoran,76%,4543,4552,1000,1000,1000,1000,1000,1000,1000,1000
11,ti_xiu_hengshi,mo_xiu_xinmo,82%,4543,4552,1000,1000,1000,1000,1000,1000,1000,1000
11,ti_xiu_hengshi,yao_xiu_huaxing,46%,4543,4525,1000,1100,1000,1000,1000,1000,1000,1000
11,ti_xiu_hengshi,xue_xiu_xuesha,48%,4543,4513,1000,1000,1000,1000,1000,1000,1000,1000
11,ti_xiu_hengshi,du_gu_xiu,70%,4543,4518,1000,1000,1000,1000,1000,1000,1000,1000
11,ti_xiu_hengshi,fu_xiu_fulu,78%,4543,4536,1000,1000,1000,1000,1000,1000,1000,1000
11,ti_xiu_hengshi,kuilei_shi,100%,4543,4535,1000,1000,1000,1000,1000,1000,1000,1000
11,ti_xiu_hengshi,yin_xiu_yuedao,2%,4543,4551,1000,1000,1000,1000,1000,1000,1000,1000
11,ti_xiu_hengshi,yinguo_faze,64%,4543,4524,1000,1000,1000,1000,1000,1000,1000,1000
11,fa_xiu,gui_xiu_yang_hun,0%,4524,4519,1000,1000,1000,1000,1000,1000,1000,1000
11,fa_xiu,lei_xiu,0%,4524,4563,1000,1000,1000,1000,1000,1000,1000,1000
11,fa_xiu,buddhist_golden_body,36%,4524,4529,1000,1000,1000,1000,1000,1000,1000,1000
11,fa_xiu,ming_fate_causality,46%,4524,4522,1000,1000,1000,1000,1000,1000,1000,1000
11,fa_xiu,yu_shou,0%,4524,4554,1000,1000,1000,1000,1000,1000,1000,1000
11,fa_xiu,ru_xiu_haoran,28%,4524,4552,1000,1000,1000,1000,1000,1000,1000,1000
11,fa_xiu,mo_xiu_xinmo,32%,4524,4552,1000,1000,1000,1000,1000,1000,1000,1000
11,fa_xiu,yao_xiu_huaxing,8%,4524,4525,1000,1100,1000,1000,1000,1000,1000,1000
11,fa_xiu,xue_xiu_xuesha,14%,4524,4513,1000,1000,1000,1000,1000,1000,1000,1000
11,fa_xiu,du_gu_xiu,44%,4524,4518,1000,1000,1000,1000,1000,1000,1000,1000
11,fa_xiu,fu_xiu_fulu,50%,4524,4536,1000,1000,1000,1000,1000,1000,1000,1000
11,fa_xiu,kuilei_shi,100%,4524,4535,1000,1000,1000,1000,1000,1000,1000,1000
11,fa_xiu,yin_xiu_yuedao,0%,4524,4551,1000,1000,1000,1000,1000,1000,1000,1000
11,fa_xiu,yinguo_faze,50%,4524,4524,1000,1000,1000,1000,1000,1000,1000,1000
11,gui_xiu_yang_hun,lei_xiu,94%,4519,4563,1000,1000,1000,1000,1000,1000,1000,1000
11,gui_xiu_yang_hun,buddhist_golden_body,38%,4519,4529,1000,1000,1000,1000,1000,1000,1000,1000
11,gui_xiu_yang_hun,ming_fate_causality,40%,4519,4522,1000,1000,1000,1000,1000,1000,1000,1000
11,gui_xiu_yang_hun,yu_shou,94%,4519,4554,1000,1000,1000,1000,1000,1000,1000,1000
11,gui_xiu_yang_hun,ru_xiu_haoran,44%,4519,4552,1000,1000,1000,1000,1000,1000,1000,1000
11,gui_xiu_yang_hun,mo_xiu_xinmo,30%,4519,4552,1000,1000,1000,1000,1000,1000,1000,1000
11,gui_xiu_yang_hun,yao_xiu_huaxing,8%,4519,4525,1000,1100,1000,1000,1000,1000,1000,1000
11,gui_xiu_yang_hun,xue_xiu_xuesha,28%,4519,4513,1000,1000,1000,1000,1000,1000,1000,1000
11,gui_xiu_yang_hun,du_gu_xiu,44%,4519,4518,1000,1000,1000,1000,1000,1000,1000,1000
11,gui_xiu_yang_hun,fu_xiu_fulu,40%,4519,4536,1000,1000,1000,1000,1000,1000,1000,1000
11,gui_xiu_yang_hun,kuilei_shi,100%,4519,4535,1000,1000,1000,1000,1000,1000,1000,1000
11,gui_xiu_yang_hun,yin_xiu_yuedao,88%,4519,4551,1000,1000,1000,1000,1000,1000,1000,1000
11,gui_xiu_yang_hun,yinguo_faze,66%,4519,4524,1000,1000,1000,1000,1000,1000,1000,1000
11,lei_xiu,buddhist_golden_body,60%,4563,4529,1000,1000,1000,1000,1000,1000,1000,1000
11,lei_xiu,ming_fate_causality,58%,4563,4522,1000,1000,1000,1000,1000,1000,1000,1000
11,lei_xiu,yu_shou,36%,4563,4554,1000,1000,1000,1000,1000,1000,1000,1000
11,lei_xiu,ru_xiu_haoran,52%,4563,4552,1000,1000,1000,1000,1000,1000,1000,1000
11,lei_xiu,mo_xiu_xinmo,58%,4563,4552,1000,1000,1000,1000,1000,1000,1000,1000
11,lei_xiu,yao_xiu_huaxing,16%,4563,4525,1000,1100,1000,1000,1000,1000,1000,1000
11,lei_xiu,xue_xiu_xuesha,36%,4563,4513,1000,1000,1000,1000,1000,1000,1000,1000
11,lei_xiu,du_gu_xiu,64%,4563,4518,1000,1000,1000,1000,1000,1000,1000,1000
11,lei_xiu,fu_xiu_fulu,64%,4563,4536,1000,1000,1000,1000,1000,1000,1000,1000
11,lei_xiu,kuilei_shi,100%,4563,4535,1000,1000,1000,1000,1000,1000,1000,1000
11,lei_xiu,yin_xiu_yuedao,6%,4563,4551,1000,1000,1000,1000,1000,1000,1000,1000
11,lei_xiu,yinguo_faze,52%,4563,4524,1000,1000,1000,1000,1000,1000,1000,1000
11,buddhist_golden_body,ming_fate_causality,56%,4529,4522,1000,1000,1000,1000,1000,1000,1000,1000
11,buddhist_golden_body,yu_shou,2%,4529,4554,1000,1000,1000,1000,1000,1000,1000,1000
11,buddhist_golden_body,ru_xiu_haoran,40%,4529,4552,1000,1000,1000,1000,1000,1000,1000,1000
11,buddhist_golden_body,mo_xiu_xinmo,28%,4529,4552,1000,1000,1000,1000,1000,1000,1000,1000
11,buddhist_golden_body,yao_xiu_huaxing,100%,4529,4525,1000,1100,1000,1000,1000,1000,1000,1000
11,buddhist_golden_body,xue_xiu_xuesha,38%,4529,4513,1000,1000,1000,1000,1000,1000,1000,1000
11,buddhist_golden_body,du_gu_xiu,38%,4529,4518,1000,1000,1000,1000,1000,1000,1000,1000
11,buddhist_golden_body,fu_xiu_fulu,38%,4529,4536,1000,1000,1000,1000,1000,1000,1000,1000
11,buddhist_golden_body,kuilei_shi,100%,4529,4535,1000,1000,1000,1000,1000,1000,1000,1000
11,buddhist_golden_body,yin_xiu_yuedao,0%,4529,4551,1000,1000,1000,1000,1000,1000,1000,1000
11,buddhist_golden_body,yinguo_faze,66%,4529,4524,1000,1000,1000,1000,1000,1000,1000,1000
11,ming_fate_causality,yu_shou,0%,4522,4554,1000,1000,1000,1000,1000,1000,1000,1000
11,ming_fate_causality,ru_xiu_haoran,46%,4522,4552,1000,1000,1000,1000,1000,1000,1000,1000
11,ming_fate_causality,mo_xiu_xinmo,46%,4522,4552,1000,1000,1000,1000,1000,1000,1000,1000
11,ming_fate_causality,yao_xiu_huaxing,4%,4522,4525,1000,1100,1000,1000,1000,1000,1000,1000
11,ming_fate_causality,xue_xiu_xuesha,28%,4522,4513,1000,1000,1000,1000,1000,1000,1000,1000
11,ming_fate_causality,du_gu_xiu,46%,4522,4518,1000,1000,1000,1000,1000,1000,1000,1000
11,ming_fate_causality,fu_xiu_fulu,44%,4522,4536,1000,1000,1000,1000,1000,1000,1000,1000
11,ming_fate_causality,kuilei_shi,100%,4522,4535,1000,1000,1000,1000,1000,1000,1000,1000
11,ming_fate_causality,yin_xiu_yuedao,0%,4522,4551,1000,1000,1000,1000,1000,1000,1000,1000
11,ming_fate_causality,yinguo_faze,52%,4522,4524,1000,1000,1000,1000,1000,1000,1000,1000
11,yu_shou,ru_xiu_haoran,56%,4554,4552,1000,1000,1000,1000,1000,1000,1000,1000
11,yu_shou,mo_xiu_xinmo,48%,4554,4552,1000,1000,1000,1000,1000,1000,1000,1000
11,yu_shou,yao_xiu_huaxing,18%,4554,4525,1000,1100,1000,1000,1000,1000,1000,1000
11,yu_shou,xue_xiu_xuesha,40%,4554,4513,1000,1000,1000,1000,1000,1000,1000,1000
11,yu_shou,du_gu_xiu,66%,4554,4518,1000,1000,1000,1000,1000,1000,1000,1000
11,yu_shou,fu_xiu_fulu,44%,4554,4536,1000,1000,1000,1000,1000,1000,1000,1000
11,yu_shou,kuilei_shi,100%,4554,4535,1000,1000,1000,1000,1000,1000,1000,1000
11,yu_shou,yin_xiu_yuedao,22%,4554,4551,1000,1000,1000,1000,1000,1000,1000,1000
11,yu_shou,yinguo_faze,52%,4554,4524,1000,1000,1000,1000,1000,1000,1000,1000
11,ru_xiu_haoran,mo_xiu_xinmo,68%,4552,4552,1000,1000,1000,1000,1000,1000,1000,1000
11,ru_xiu_haoran,yao_xiu_huaxing,12%,4552,4525,1000,1100,1000,1000,1000,1000,1000,1000
11,ru_xiu_haoran,xue_xiu_xuesha,24%,4552,4513,1000,1000,1000,1000,1000,1000,1000,1000
11,ru_xiu_haoran,du_gu_xiu,60%,4552,4518,1000,1000,1000,1000,1000,1000,1000,1000
11,ru_xiu_haoran,fu_xiu_fulu,72%,4552,4536,1000,1000,1000,1000,1000,1000,1000,1000
11,ru_xiu_haoran,kuilei_shi,100%,4552,4535,1000,1000,1000,1000,1000,1000,1000,1000
11,ru_xiu_haoran,yin_xiu_yuedao,0%,4552,4551,1000,1000,1000,1000,1000,1000,1000,1000
11,ru_xiu_haoran,yinguo_faze,58%,4552,4524,1000,1000,1000,1000,1000,1000,1000,1000
11,mo_xiu_xinmo,yao_xiu_huaxing,18%,4552,4525,1000,1100,1000,1000,1000,1000,1000,1000
11,mo_xiu_xinmo,xue_xiu_xuesha,26%,4552,4513,1000,1000,1000,1000,1000,1000,1000,1000
11,mo_xiu_xinmo,du_gu_xiu,60%,4552,4518,1000,1000,1000,1000,1000,1000,1000,1000
11,mo_xiu_xinmo,fu_xiu_fulu,66%,4552,4536,1000,1000,1000,1000,1000,1000,1000,1000
11,mo_xiu_xinmo,kuilei_shi,100%,4552,4535,1000,1000,1000,1000,1000,1000,1000,1000
11,mo_xiu_xinmo,yin_xiu_yuedao,0%,4552,4551,1000,1000,1000,1000,1000,1000,1000,1000
11,mo_xiu_xinmo,yinguo_faze,70%,4552,4524,1000,1000,1000,1000,1000,1000,1000,1000
11,yao_xiu_huaxing,xue_xiu_xuesha,74%,4525,4513,1100,1000,1000,1000,1000,1000,1000,1000
11,yao_xiu_huaxing,du_gu_xiu,92%,4525,4518,1100,1000,1000,1000,1000,1000,1000,1000
11,yao_xiu_huaxing,fu_xiu_fulu,82%,4525,4536,1100,1000,1000,1000,1000,1000,1000,1000
11,yao_xiu_huaxing,kuilei_shi,100%,4525,4535,1100,1000,1000,1000,1000,1000,1000,1000
11,yao_xiu_huaxing,yin_xiu_yuedao,2%,4525,4551,1100,1000,1000,1000,1000,1000,1000,1000
11,yao_xiu_huaxing,yinguo_faze,82%,4525,4524,1100,1000,1000,1000,1000,1000,1000,1000
11,xue_xiu_xuesha,du_gu_xiu,70%,4513,4518,1000,1000,1000,1000,1000,1000,1000,1000
11,xue_xiu_xuesha,fu_xiu_fulu,62%,4513,4536,1000,1000,1000,1000,1000,1000,1000,1000
11,xue_xiu_xuesha,kuilei_shi,100%,4513,4535,1000,1000,1000,1000,1000,1000,1000,1000
11,xue_xiu_xuesha,yin_xiu_yuedao,0%,4513,4551,1000,1000,1000,1000,1000,1000,1000,1000
11,xue_xiu_xuesha,yinguo_faze,72%,4513,4524,1000,1000,1000,1000,1000,1000,1000,1000
11,du_gu_xiu,fu_xiu_fulu,60%,4518,4536,1000,1000,1000,1000,1000,1000,1000,1000
11,du_gu_xiu,kuilei_shi,100%,4518,4535,1000,1000,1000,1000,1000,1000,1000,1000
11,du_gu_xiu,yin_xiu_yuedao,0%,4518,4551,1000,1000,1000,1000,1000,1000,1000,1000
11,du_gu_xiu,yinguo_faze,50%,4518,4524,1000,1000,1000,1000,1000,1000,1000,1000
11,fu_xiu_fulu,kuilei_shi,100%,4536,4535,1000,1000,1000,1000,1000,1000,1000,1000
11,fu_xiu_fulu,yin_xiu_yuedao,0%,4536,4551,1000,1000,1000,1000,1000,1000,1000,1000
11,fu_xiu_fulu,yinguo_faze,58%,4536,4524,1000,1000,1000,1000,1000,1000,1000,1000
11,kuilei_shi,yin_xiu_yuedao,0%,4535,4551,1000,1000,1000,1000,1000,1000,1000,1000
11,kuilei_shi,yinguo_faze,0%,4535,4524,1000,1000,1000,1000,1000,1000,1000,1000
11,yin_xiu_yuedao,yinguo_faze,58%,4551,4524,1000,1000,1000,1000,1000,1000,1000,1000
12,sword_immortal,ti_xiu_hengshi,24%,7344,7348,1000,1000,1000,1000,1000,1000,1000,1000
12,sword_immortal,fa_xiu,36%,7344,7360,1000,1000,1000,1000,1000,1000,1000,1000
12,sword_immortal,gui_xiu_yang_hun,0%,7344,7341,1000,1000,1000,1000,1000,1000,1000,1000
12,sword_immortal,soul_divine_sense,46%,7344,7388,1000,1000,1000,1000,1000,1000,1000,1000
12,sword_immortal,lei_xiu,0%,7344,7398,1000,1000,1000,1000,1000,1000,1000,1000
12,sword_immortal,buddhist_golden_body,54%,7344,7331,1000,1000,1000,1000,1000,1000,1000,1000
12,sword_immortal,ming_fate_causality,54%,7344,7343,1000,1000,1000,1000,1000,1000,1000,1000
12,sword_immortal,yu_shou,0%,7344,7392,1000,1000,1000,1000,1000,1000,1000,1000
12,sword_immortal,ru_xiu_haoran,32%,7344,7377,1000,1000,1000,1000,1000,1000,1000,1000
12,sword_immortal,yao_xiu_huaxing,16%,7344,7353,1000,1100,1000,1000,1000,1000,1000,1000
12,sword_immortal,xue_xiu_xuesha,26%,7344,7389,1000,1000,1000,1000,1000,1000,1000,1000
12,sword_immortal,du_gu_xiu,58%,7344,7347,1000,1000,1000,1000,1000,1000,1000,1000
12,sword_immortal,fu_xiu_fulu,38%,7344,7368,1000,1000,1000,1000,1000,1000,1000,1000
12,sword_immortal,kuilei_shi,100%,7344,7327,1000,1000,1000,1000,1000,1000,1000,1000
12,sword_immortal,yin_xiu_yuedao,0%,7344,7350,1000,1000,1000,1000,1000,1000,1000,1000
12,sword_immortal,yinguo_faze,62%,7344,7343,1000,1000,1000,1000,1000,1000,1000,1000
12,ti_xiu_hengshi,fa_xiu,60%,7348,7360,1000,1000,1000,1000,1000,1000,1000,1000
12,ti_xiu_hengshi,gui_xiu_yang_hun,0%,7348,7341,1000,1000,1000,1000,1000,1000,1000,1000
12,ti_xiu_hengshi,soul_divine_sense,50%,7348,7388,1000,1000,1000,1000,1000,1000,1000,1000
12,ti_xiu_hengshi,lei_xiu,4%,7348,7398,1000,1000,1000,1000,1000,1000,1000,1000
12,ti_xiu_hengshi,buddhist_golden_body,66%,7348,7331,1000,1000,1000,1000,1000,1000,1000,1000
12,ti_xiu_hengshi,ming_fate_causality,54%,7348,7343,1000,1000,1000,1000,1000,1000,1000,1000
12,ti_xiu_hengshi,yu_shou,2%,7348,7392,1000,1000,1000,1000,1000,1000,1000,1000
12,ti_xiu_hengshi,ru_xiu_haoran,52%,7348,7377,1000,1000,1000,1000,1000,1000,1000,1000
12,ti_xiu_hengshi,yao_xiu_huaxing,26%,7348,7353,1000,1100,1000,1000,1000,1000,1000,1000
12,ti_xiu_hengshi,xue_xiu_xuesha,30%,7348,7389,1000,1000,1000,1000,1000,1000,1000,1000
12,ti_xiu_hengshi,du_gu_xiu,54%,7348,7347,1000,1000,1000,1000,1000,1000,1000,1000
12,ti_xiu_hengshi,fu_xiu_fulu,74%,7348,7368,1000,1000,1000,1000,1000,1000,1000,1000
12,ti_xiu_hengshi,kuilei_shi,100%,7348,7327,1000,1000,1000,1000,1000,1000,1000,1000
12,ti_xiu_hengshi,yin_xiu_yuedao,0%,7348,7350,1000,1000,1000,1000,1000,1000,1000,1000
12,ti_xiu_hengshi,yinguo_faze,70%,7348,7343,1000,1000,1000,1000,1000,1000,1000,1000
12,fa_xiu,gui_xiu_yang_hun,0%,7360,7341,1000,1000,1000,1000,1000,1000,1000,1000
12,fa_xiu,soul_divine_sense,44%,7360,7388,1000,1000,1000,1000,1000,1000,1000,1000
12,fa_xiu,lei_xiu,0%,7360,7398,1000,1000,1000,1000,1000,1000,1000,1000
12,fa_xiu,buddhist_golden_body,60%,7360,7331,1000,1000,1000,1000,1000,1000,1000,1000
12,fa_xiu,ming_fate_causality,58%,7360,7343,1000,1000,1000,1000,1000,1000,1000,1000
12,fa_xiu,yu_shou,2%,7360,7392,1000,1000,1000,1000,1000,1000,1000,1000
12,fa_xiu,ru_xiu_haoran,44%,7360,7377,1000,1000,1000,1000,1000,1000,1000,1000
12,fa_xiu,yao_xiu_huaxing,18%,7360,7353,1000,1100,1000,1000,1000,1000,1000,1000
12,fa_xiu,xue_xiu_xuesha,26%,7360,7389,1000,1000,1000,1000,1000,1000,1000,1000
12,fa_xiu,du_gu_xiu,44%,7360,7347,1000,1000,1000,1000,1000,1000,1000,1000
12,fa_xiu,fu_xiu_fulu,50%,7360,7368,1000,1000,1000,1000,1000,1000,1000,1000
12,fa_xiu,kuilei_shi,100%,7360,7327,1000,1000,1000,1000,1000,1000,1000,1000
12,fa_xiu,yin_xiu_yuedao,0%,7360,7350,1000,1000,1000,1000,1000,1000,1000,1000
12,fa_xiu,yinguo_faze,60%,7360,7343,1000,1000,1000,1000,1000,1000,1000,1000
12,gui_xiu_yang_hun,soul_divine_sense,34%,7341,7388,1000,1000,1000,1000,1000,1000,1000,1000
12,gui_xiu_yang_hun,lei_xiu,96%,7341,7398,1000,1000,1000,1000,1000,1000,1000,1000
12,gui_xiu_yang_hun,buddhist_golden_body,62%,7341,7331,1000,1000,1000,1000,1000,1000,1000,1000
12,gui_xiu_yang_hun,ming_fate_causality,56%,7341,7343,1000,1000,1000,1000,1000,1000,1000,1000
12,gui_xiu_yang_hun,yu_shou,92%,7341,7392,1000,1000,1000,1000,1000,1000,1000,1000
12,gui_xiu_yang_hun,ru_xiu_haoran,44%,7341,7377,1000,1000,1000,1000,1000,1000,1000,1000
12,gui_xiu_yang_hun,yao_xiu_huaxing,32%,7341,7353,1000,1100,1000,1000,1000,1000,1000,1000
12,gui_xiu_yang_hun,xue_xiu_xuesha,40%,7341,7389,1000,1000,1000,1000,1000,1000,1000,1000
12,gui_xiu_yang_hun,du_gu_xiu,58%,7341,7347,1000,1000,1000,1000,1000,1000,1000,1000
12,gui_xiu_yang_hun,fu_xiu_fulu,46%,7341,7368,1000,1000,1000,1000,1000,1000,1000,1000
12,gui_xiu_yang_hun,kuilei_shi,100%,7341,7327,1000,1000,1000,1000,1000,1000,1000,1000
12,gui_xiu_yang_hun,yin_xiu_yuedao,78%,7341,7350,1000,1000,1000,1000,1000,1000,1000,1000
12,gui_xiu_yang_hun,yinguo_faze,56%,7341,7343,1000,1000,1000,1000,1000,1000,1000,1000
12,soul_divine_sense,lei_xiu,2%,7388,7398,1000,1000,1000,1000,1000,1000,1000,1000
12,soul_divine_sense,buddhist_golden_body,62%,7388,7331,1000,1000,1000,1000,1000,1000,1000,1000
12,soul_divine_sense,ming_fate_causality,70%,7388,7343,1000,1000,1000,1000,1000,1000,1000,1000
12,soul_divine_sense,yu_shou,4%,7388,7392,1000,1000,1000,1000,1000,1000,1000,1000
12,soul_divine_sense,ru_xiu_haoran,60%,7388,7377,1000,1000,1000,1000,1000,1000,1000,1000
12,soul_divine_sense,yao_xiu_huaxing,16%,7388,7353,1000,1100,1000,1000,1000,1000,1000,1000
12,soul_divine_sense,xue_xiu_xuesha,28%,7388,7389,1000,1000,1000,1000,1000,1000,1000,1000
12,soul_divine_sense,du_gu_xiu,50%,7388,7347,1000,1000,1000,1000,1000,1000,1000,1000
12,soul_divine_sense,fu_xiu_fulu,60%,7388,7368,1000,1000,1000,1000,1000,1000,1000,1000
12,soul_divine_sense,kuilei_shi,100%,7388,7327,1000,1000,1000,1000,1000,1000,1000,1000
12,soul_divine_sense,yin_xiu_yuedao,0%,7388,7350,1000,1000,1000,1000,1000,1000,1000,1000
12,soul_divine_sense,yinguo_faze,56%,7388,7343,1000,1000,1000,1000,1000,1000,1000,1000
12,lei_xiu,buddhist_golden_body,72%,7398,7331,1000,1000,1000,1000,1000,1000,1000,1000
12,lei_xiu,ming_fate_causality,50%,7398,7343,1000,1000,1000,1000,1000,1000,1000,1000
12,lei_xiu,yu_shou,42%,7398,7392,1000,1000,1000,1000,1000,1000,1000,1000
12,lei_xiu,ru_xiu_haoran,62%,7398,7377,1000,1000,1000,1000,1000,1000,1000,1000
12,lei_xiu,yao_xiu_huaxing,24%,7398,7353,1000,1100,1000,1000,1000,1000,1000,1000
12,lei_xiu,xue_xiu_xuesha,34%,7398,7389,1000,1000,1000,1000,1000,1000,1000,1000
12,lei_xiu,du_gu_xiu,68%,7398,7347,1000,1000,1000,1000,1000,1000,1000,1000
12,lei_xiu,fu_xiu_fulu,50%,7398,7368,1000,1000,1000,1000,1000,1000,1000,1000
12,lei_xiu,kuilei_shi,100%,7398,7327,1000,1000,1000,1000,1000,1000,1000,1000
12,lei_xiu,yin_xiu_yuedao,14%,7398,7350,1000,1000,1000,1000,1000,1000,1000,1000
12,lei_xiu,yinguo_faze,56%,7398,7343,1000,1000,1000,1000,1000,1000,1000,1000
12,buddhist_golden_body,ming_fate_causality,50%,7331,7343,1000,1000,1000,1000,1000,1000,1000,1000
12,buddhist_golden_body,yu_shou,2%,7331,7392,1000,1000,1000,1000,1000,1000,1000,1000
12,buddhist_golden_body,ru_xiu_haoran,40%,7331,7377,1000,1000,1000,1000,1000,1000,1000,1000
12,buddhist_golden_body,yao_xiu_huaxing,100%,7331,7353,1000,1100,1000,1000,1000,1000,1000,1000
12,buddhist_golden_body,xue_xiu_xuesha,30%,7331,7389,1000,1000,1000,1000,1000,1000,1000,1000
12,buddhist_golden_body,du_gu_xiu,54%,7331,7347,1000,1000,1000,1000,1000,1000,1000,1000
12,buddhist_golden_body,fu_xiu_fulu,60%,7331,7368,1000,1000,1000,1000,1000,1000,1000,1000
12,buddhist_golden_body,kuilei_shi,100%,7331,7327,1000,1000,1000,1000,1000,1000,1000,1000
12,buddhist_golden_body,yin_xiu_yuedao,0%,7331,7350,1000,1000,1000,1000,1000,1000,1000,1000
12,buddhist_golden_body,yinguo_faze,44%,7331,7343,1000,1000,1000,1000,1000,1000,1000,1000
12,ming_fate_causality,yu_shou,0%,7343,7392,1000,1000,1000,1000,1000,1000,1000,1000
12,ming_fate_causality,ru_xiu_haoran,38%,7343,7377,1000,1000,1000,1000,1000,1000,1000,1000
12,ming_fate_causality,yao_xiu_huaxing,12%,7343,7353,1000,1100,1000,1000,1000,1000,1000,1000
12,ming_fate_causality,xue_xiu_xuesha,22%,7343,7389,1000,1000,1000,1000,1000,1000,1000,1000
12,ming_fate_causality,du_gu_xiu,34%,7343,7347,1000,1000,1000,1000,1000,1000,1000,1000
12,ming_fate_causality,fu_xiu_fulu,40%,7343,7368,1000,1000,1000,1000,1000,1000,1000,1000
12,ming_fate_causality,kuilei_shi,100%,7343,7327,1000,1000,1000,1000,1000,1000,1000,1000
12,ming_fate_causality,yin_xiu_yuedao,0%,7343,7350,1000,1000,1000,1000,1000,1000,1000,1000
12,ming_fate_causality,yinguo_faze,58%,7343,7343,1000,1000,1000,1000,1000,1000,1000,1000
12,yu_shou,ru_xiu_haoran,58%,7392,7377,1000,1000,1000,1000,1000,1000,1000,1000
12,yu_shou,yao_xiu_huaxing,34%,7392,7353,1000,1100,1000,1000,1000,1000,1000,1000
12,yu_shou,xue_xiu_xuesha,38%,7392,7389,1000,1000,1000,1000,1000,1000,1000,1000
12,yu_shou,du_gu_xiu,60%,7392,7347,1000,1000,1000,1000,1000,1000,1000,1000
12,yu_shou,fu_xiu_fulu,60%,7392,7368,1000,1000,1000,1000,1000,1000,1000,1000
12,yu_shou,kuilei_shi,100%,7392,7327,1000,1000,1000,1000,1000,1000,1000,1000
12,yu_shou,yin_xiu_yuedao,42%,7392,7350,1000,1000,1000,1000,1000,1000,1000,1000
12,yu_shou,yinguo_faze,56%,7392,7343,1000,1000,1000,1000,1000,1000,1000,1000
12,ru_xiu_haoran,yao_xiu_huaxing,22%,7377,7353,1000,1100,1000,1000,1000,1000,1000,1000
12,ru_xiu_haoran,xue_xiu_xuesha,26%,7377,7389,1000,1000,1000,1000,1000,1000,1000,1000
12,ru_xiu_haoran,du_gu_xiu,60%,7377,7347,1000,1000,1000,1000,1000,1000,1000,1000
12,ru_xiu_haoran,fu_xiu_fulu,42%,7377,7368,1000,1000,1000,1000,1000,1000,1000,1000
12,ru_xiu_haoran,kuilei_shi,100%,7377,7327,1000,1000,1000,1000,1000,1000,1000,1000
12,ru_xiu_haoran,yin_xiu_yuedao,0%,7377,7350,1000,1000,1000,1000,1000,1000,1000,1000
12,ru_xiu_haoran,yinguo_faze,54%,7377,7343,1000,1000,1000,1000,1000,1000,1000,1000
12,yao_xiu_huaxing,xue_xiu_xuesha,66%,7353,7389,1100,1000,1000,1000,1000,1000,1000,1000
12,yao_xiu_huaxing,du_gu_xiu,80%,7353,7347,1100,1000,1000,1000,1000,1000,1000,1000
12,yao_xiu_huaxing,fu_xiu_fulu,76%,7353,7368,1100,1000,1000,1000,1000,1000,1000,1000
12,yao_xiu_huaxing,kuilei_shi,100%,7353,7327,1100,1000,1000,1000,1000,1000,1000,1000
12,yao_xiu_huaxing,yin_xiu_yuedao,0%,7353,7350,1100,1000,1000,1000,1000,1000,1000,1000
12,yao_xiu_huaxing,yinguo_faze,76%,7353,7343,1100,1000,1000,1000,1000,1000,1000,1000
12,xue_xiu_xuesha,du_gu_xiu,82%,7389,7347,1000,1000,1000,1000,1000,1000,1000,1000
12,xue_xiu_xuesha,fu_xiu_fulu,64%,7389,7368,1000,1000,1000,1000,1000,1000,1000,1000
12,xue_xiu_xuesha,kuilei_shi,100%,7389,7327,1000,1000,1000,1000,1000,1000,1000,1000
12,xue_xiu_xuesha,yin_xiu_yuedao,0%,7389,7350,1000,1000,1000,1000,1000,1000,1000,1000
12,xue_xiu_xuesha,yinguo_faze,76%,7389,7343,1000,1000,1000,1000,1000,1000,1000,1000
12,du_gu_xiu,fu_xiu_fulu,40%,7347,7368,1000,1000,1000,1000,1000,1000,1000,1000
12,du_gu_xiu,kuilei_shi,100%,7347,7327,1000,1000,1000,1000,1000,1000,1000,1000
12,du_gu_xiu,yin_xiu_yuedao,0%,7347,7350,1000,1000,1000,1000,1000,1000,1000,1000
12,du_gu_xiu,yinguo_faze,56%,7347,7343,1000,1000,1000,1000,1000,1000,1000,1000
12,fu_xiu_fulu,kuilei_shi,100%,7368,7327,1000,1000,1000,1000,1000,1000,1000,1000
12,fu_xiu_fulu,yin_xiu_yuedao,0%,7368,7350,1000,1000,1000,1000,1000,1000,1000,1000
12,fu_xiu_fulu,yinguo_faze,50%,7368,7343,1000,1000,1000,1000,1000,1000,1000,1000
12,kuilei_shi,yin_xiu_yuedao,0%,7327,7350,1000,1000,1000,1000,1000,1000,1000,1000
12,kuilei_shi,yinguo_faze,0%,7327,7343,1000,1000,1000,1000,1000,1000,1000,1000
12,yin_xiu_yuedao,yinguo_faze,42%,7350,7343,1000,1000,1000,1000,1000,1000,1000,1000
